Address,Indexability
https://clinicabelba.com/,Indexable
https://clinicabelba.com/mini-lifting-facial-barcelona/,Indexable
https://clinicabelba.com/fr/,Indexable
https://clinicabelba.com/mommy-makeover-barcelona/,Indexable
https://clinicabelba.com/remodelacion-costal/,Indexable
https://clinicabelba.com/minimal-scar/,Indexable
https://clinicabelba.com/abdominoplastia-barcelona/,Indexable
https://clinicabelba.com/lifting-de-brazos/,Indexable
https://clinicabelba.com/politica-de-privacidad/,Indexable
https://clinicabelba.com/aumento-pecho-barcelona/,Indexable
https://clinicabelba.com/aumento-de-gluteos-barcelona/,Indexable
https://clinicabelba.com/vaginoplastia/,Indexable
https://clinicabelba.com/aumento-pecho-preserve/,Indexable
https://clinicabelba.com/consulta-online/,No indexable
https://clinicabelba.com/blefaroplastia-antes-y-despues/,Indexable
https://clinicabelba.com/quienes-somos/,Indexable
https://clinicabelba.com/lobuloplastia-barcelona/,Indexable
https://clinicabelba.com/politica-de-cookies/,Indexable
https://clinicabelba.com/de/,Indexable
https://clinicabelba.com/blefaroplastia/,Indexable
https://clinicabelba.com/rinoplastia-barcelona/,Indexable
https://clinicabelba.com/ginecomastia-barcelona/,Indexable
https://clinicabelba.com/en/,Indexable
https://clinicabelba.com/reduccion-de-areola/,Indexable
https://clinicabelba.com/liposuccion-de-alta-definicion/,Indexable
https://clinicabelba.com/lipo-vaser/,Indexable
https://clinicabelba.com/contacto/,Indexable
https://clinicabelba.com/cirugia-de-la-mama/,Indexable
https://clinicabelba.com/ca/,Indexable
https://clinicabelba.com/rinoplastia-antes-y-despues/,Indexable
https://clinicabelba.com/it/,Indexable
https://clinicabelba.com/rinomodelacion-barcelona/,Indexable
https://clinicabelba.com/guia-del-paciente/,Indexable
https://clinicabelba.com/aumento-de-pecho-tecnica-brst/,Indexable
https://clinicabelba.com/cirujanos-plasticos-barcelona/,Indexable
https://clinicabelba.com/mentoplastia-barcelona/,Indexable
https://clinicabelba.com/cirugia-corporal/,Indexable
https://clinicabelba.com/ginecomastia-antes-y-despues/,Indexable
https://clinicabelba.com/lifting-de-muslos/,Indexable
https://clinicabelba.com/lifting-facial-barcelona/,Indexable
https://clinicabelba.com/reduccion-de-mama/,Indexable
https://clinicabelba.com/liposuccion-barcelona/,Indexable
https://clinicabelba.com/labioplastia/,Indexable
https://clinicabelba.com/otoplastia/,Indexable
https://clinicabelba.com/nl/,Indexable
https://clinicabelba.com/cirugia-intima/,Indexable
https://clinicabelba.com/tipos-aumento-de-pecho/,Indexable
https://clinicabelba.com/lipovaser-antes-y-despues/,Indexable
https://clinicabelba.com/uk/,Indexable
https://clinicabelba.com/test-paciente/,No indexable
https://clinicabelba.com/cirugia-facial/,No indexable
https://clinicabelba.com/recambio-de-protesis/,Indexable
https://clinicabelba.com/aviso-legal/,Indexable
https://clinicabelba.com/elevacion-de-mama/,Indexable
https://clinicabelba.com/liposuccion-de-monte-de-venus/,Indexable
https://clinicabelba.com/ru/,Indexable
https://clinicabelba.com/abdominoplastia-antes-y-despues/,Indexable
https://clinicabelba.com/blog/,Indexable
https://clinicabelba.com/de/mini-lifting-gesicht-barcelona/,Indexable
https://clinicabelba.com/it/mini-lifting-facciale-barcellona/,Indexable
https://clinicabelba.com/nl/mini-facelift-barcelona/,Indexable
https://clinicabelba.com/uk/міні-ліфтинг-обличчя-в-барселоні/,Indexable
https://clinicabelba.com/en/mini-lifting-facial-barcelona/,Indexable
https://clinicabelba.com/ru/мини-лифтинг-лица-барселона/,Indexable
https://clinicabelba.com/fr/mini-lifting-facial-barcelone/,Indexable
https://clinicabelba.com/ca/mini-lifting-facial-barcelona/,Indexable
https://clinicabelba.com/uk/лабіопластика/,Indexable
https://clinicabelba.com/nl/labiaplastiek/,Indexable
https://clinicabelba.com/ru/лабиопластика/,Indexable
https://clinicabelba.com/nl/otoplastie/,Indexable
https://clinicabelba.com/ru/отопластика/,Indexable
https://clinicabelba.com/uk/отопластика/,Indexable
https://clinicabelba.com/nl/lipovaser-voor-en-na/,Indexable
https://clinicabelba.com/nl/borstvergroting/,Indexable
https://clinicabelba.com/nl/online-consult/,No indexable
https://clinicabelba.com/nl/intieme-chirurgie/,Indexable
https://clinicabelba.com/nl/liposuctie-venusheuvel/,Indexable
https://clinicabelba.com/nl/prothese-wisseling/,Indexable
https://clinicabelba.com/nl/soorten-borstvergroting/,Indexable
https://clinicabelba.com/nl/blog/,Indexable
https://clinicabelba.com/nl/test-patient/,No indexable
https://clinicabelba.com/nl/buikwandcorrectie-voor-en-na/,Indexable
https://clinicabelba.com/nl/juridische-mededeling/,Indexable
https://clinicabelba.com/nl/gezichtsoperatie/,No indexable
https://clinicabelba.com/monte-de-venus-abultado/,Indexable
https://clinicabelba.com/ru/интимная-хирургия/,Indexable
https://clinicabelba.com/vaginoplastia-cuando-se-recomienda/,Indexable
https://clinicabelba.com/uk/хірургія-інтимних-органів/,Indexable
https://clinicabelba.com/ru/типы-увеличения-груди/,Indexable
https://clinicabelba.com/uk/види-збільшення-грудей/,Indexable
https://clinicabelba.com/uk/lipovaser-до-і-після/,Indexable
https://clinicabelba.com/ru/липосакция-до-и-после/,Indexable
https://clinicabelba.com/uk/ліпосакція-лобка/,Indexable
https://clinicabelba.com/uk/підтяжка-грудей/,Indexable
https://clinicabelba.com/uk/тест-пацієнта/,No indexable
https://clinicabelba.com/uk/абдомінопластика-до-і-після/,Indexable
https://clinicabelba.com/uk/блог/,Indexable
https://clinicabelba.com/uk/онлайн-консультація/,No indexable
https://clinicabelba.com/uk/юридичне-повідомлення/,Indexable
https://clinicabelba.com/uk/пластична-хірургія-обличчя/,No indexable
https://clinicabelba.com/uk/заміна-протеза/,Indexable
https://clinicabelba.com/ru/правовая-оговорка/,Indexable
https://clinicabelba.com/ru/замена-протеза/,Indexable
https://clinicabelba.com/ru/подтяжка-груди/,Indexable
https://clinicabelba.com/ru/тест-пациента/,No indexable
https://clinicabelba.com/ru/липосакция-лобка/,Indexable
https://clinicabelba.com/ru/челюстно-лицевая-хирургия/,No indexable
https://clinicabelba.com/ru/онлайн-консультация/,No indexable
https://clinicabelba.com/ru/блог/,Indexable
https://clinicabelba.com/ru/абдоминопластика-до-и-после/,Indexable
https://clinicabelba.com/fr/mentoplastia-barcelona/,Indexable
https://clinicabelba.com/fr/lifting-des-bras/,Indexable
https://clinicabelba.com/fr/chirurgie-mammaire/,Indexable
https://clinicabelba.com/fr/chirurgiens-plasticiens-barcelone/,Indexable
https://clinicabelba.com/fr/mastopexie/,Indexable
https://clinicabelba.com/fr/cicatrice-minimale/,Indexable
https://clinicabelba.com/fr/gynecomastie-avant-et-apres/,Indexable
https://clinicabelba.com/fr/augmentation-mammaire-technique-brst/,Indexable
https://clinicabelba.com/fr/maman-relooking-barcelone/,Indexable
https://clinicabelba.com/fr/consultation-en-ligne/,No indexable
https://clinicabelba.com/fr/reduction-dareole/,Indexable
https://clinicabelba.com/fr/abdominoplastie-barcelone/,Indexable
https://clinicabelba.com/fr/augmentation-mammaire-sans-alteration-de-laspect-naturel/,Indexable
https://clinicabelba.com/fr/lipo-vaser/,Indexable
https://clinicabelba.com/fr/lifting-de-cuisse/,Indexable
https://clinicabelba.com/fr/rhinoplastie-avant-et-apres/,Indexable
https://clinicabelba.com/fr/labioplastie/,Indexable
https://clinicabelba.com/fr/ginecomastia-barcelona/,Indexable
https://clinicabelba.com/fr/lifting-facial-barcelone/,Indexable
https://clinicabelba.com/fr/liposuccion-barcelone/,Indexable
https://clinicabelba.com/fr/otoplastie/,Indexable
https://clinicabelba.com/fr/reduction-mammaire/,Indexable
https://clinicabelba.com/fr/liposuccion-haute-definition/,Indexable
https://clinicabelba.com/fr/vaginoplastie/,Indexable
https://clinicabelba.com/fr/liposuccion-du-mont-de-venus/,Indexable
https://clinicabelba.com/fr/types-deaugmentation-mammaire/,Indexable
https://clinicabelba.com/fr/guide-du-patient/,Indexable
https://clinicabelba.com/fr/blog/,Indexable
https://clinicabelba.com/fr/abdominoplastie-avant-et-apres/,Indexable
https://clinicabelba.com/fr/augmentation-des-fessiers-barcelone/,Indexable
https://clinicabelba.com/fr/blepharoplastie-avant-et-apres/,Indexable
https://clinicabelba.com/fr/rinomodelacion-barcelona/,Indexable
https://clinicabelba.com/fr/patient-test/,No indexable
https://clinicabelba.com/fr/blepharoplastie/,Indexable
https://clinicabelba.com/fr/remplacement-de-prothese/,Indexable
https://clinicabelba.com/fr/resection-costale/,Indexable
https://clinicabelba.com/fr/contact/,Indexable
https://clinicabelba.com/fr/rhinoplastie-barcelone/,Indexable
https://clinicabelba.com/fr/augmentation-mammaire-barcelone/,Indexable
https://clinicabelba.com/fr/chirurgie-corporelle/,Indexable
https://clinicabelba.com/fr/lipovaser-avant-et-apres/,Indexable
https://clinicabelba.com/fr/lobuloplastia-barcelona/,Indexable
https://clinicabelba.com/fr/politique-de-cookies/,Indexable
https://clinicabelba.com/fr/aviso-legal/,Indexable
https://clinicabelba.com/fr/chirurgie-faciale/,No indexable
https://clinicabelba.com/fr/politique-de-confidentialite/,Indexable
https://clinicabelba.com/fr/qui-sommes-nous/,Indexable
https://clinicabelba.com/de/mutti-umstyling-barcelona/,Indexable
https://clinicabelba.com/fr/cirugia-intima/,Indexable
https://clinicabelba.com/abdominoplastia-o-liposuccion/,Indexable
https://clinicabelba.com/ru/мамочкин-макияж-барселона/,Indexable
https://clinicabelba.com/uk/мамине-оновлення-у-барселоні/,Indexable
https://clinicabelba.com/en/mommy-makeover-barcelona/,Indexable
https://clinicabelba.com/nl/mommy-makeover-barcelona/,Indexable
https://clinicabelba.com/wp-content/uploads/2026/01/CV-Dra-Marel-Gomez.pdf,Indexable
https://clinicabelba.com/it/mommy-makeover-barcellona/,Indexable
https://clinicabelba.com/ca/mommy-makeover-barcelona/,Indexable
https://clinicabelba.com/quitarse-costillas-flotantes-mito-o-realidad/,Indexable
https://clinicabelba.com/de/rippenrekonstruktion/,Indexable
https://clinicabelba.com/nl/ribreconstructie/,Indexable
https://clinicabelba.com/it/rimozione-costale/,Indexable
https://clinicabelba.com/en/rib-remodeling/,Indexable
https://clinicabelba.com/cintura-de-avispa-que-es-y-como-tenerla/,Indexable
https://clinicabelba.com/wp-content/uploads/2025/12/Cv-Dr.-Mike-Dewever.pdf,Indexable
https://clinicabelba.com/ru/ремоделирование-ребер/,Indexable
https://clinicabelba.com/wp-content/uploads/2025/12/Cv-Dr.-Felix-Chavarria.pdf,Indexable
https://clinicabelba.com/ribxcar-vs-tecnica-tradicional-cual-es-mejor/,Indexable
https://clinicabelba.com/quitar-costillas-flotantes/,Indexable
https://clinicabelba.com/ca/remodelacio-costal/,Indexable
https://clinicabelba.com/uk/реконструкція-ребер/,Indexable
https://clinicabelba.com/de/minimale-narbe/,Indexable
https://clinicabelba.com/ca/cicatritz-minima/,Indexable
https://clinicabelba.com/en/minimal-scar/,Indexable
https://clinicabelba.com/nl/minimale-litteken/,Indexable
https://clinicabelba.com/ru/минимальный-шрам/,Indexable
https://clinicabelba.com/uk/мінімальний-рубець/,Indexable
https://clinicabelba.com/it/cicatrice-minima/,Indexable
https://clinicabelba.com/it/addominoplastica-barcellona/,Indexable
https://clinicabelba.com/uk/абдомінопластика-в-барселоні/,Indexable
https://clinicabelba.com/nl/buikwandcorrectie-barcelona/,Indexable
https://clinicabelba.com/en/tummy-tuck-barcelona/,Indexable
https://clinicabelba.com/de/bauchdeckenstraffung-barcelona/,Indexable
https://clinicabelba.com/ca/abdominoplastia-barcelona/,Indexable
https://clinicabelba.com/ru/абдоминопластика-барселона/,Indexable
https://clinicabelba.com/de/armheben/,Indexable
https://clinicabelba.com/uk/підтяжка-рук/,Indexable
https://clinicabelba.com/ru/жим-руками/,Indexable
https://clinicabelba.com/braquioplastia-o-liposuccion-de-brazos/,Indexable
https://clinicabelba.com/ca/elevacio-de-bracos/,Indexable
https://clinicabelba.com/nl/armen-heffen/,Indexable
https://clinicabelba.com/ru/политика-конфиденциальности/,Indexable
https://clinicabelba.com/it/sollevamento-delle-braccia/,Indexable
https://clinicabelba.com/nl/privacybeleid/,Indexable
https://clinicabelba.com/en/privacy-policy/,Indexable
https://clinicabelba.com/uk/політика-конфіденційності/,Indexable
https://clinicabelba.com/it/politica-di-privacy/,Indexable
https://clinicabelba.com/ca/politica-de-privadesa/,Indexable
https://clinicabelba.com/cuanto-duran-protesis-pecho/,Indexable
https://clinicabelba.com/de/datenschutzrichtlinie/,Indexable
https://clinicabelba.com/como-conseguir-aumento-pecho-natural-opciones-resultados/,Indexable
https://clinicabelba.com/it/aumento-seno-barcellona/,Indexable
https://clinicabelba.com/que-tamano-protesis-pecho-elegir-aumento-de-pecho/,Indexable
https://clinicabelba.com/de/brustvergroserung-barcelona/,Indexable
https://clinicabelba.com/en/breast-augmentation-barcelona/,Indexable
https://clinicabelba.com/protesis-motiva-ventajas-duracion-resultados/,Indexable
https://clinicabelba.com/uk/збільшення-грудей-у-барселоні/,Indexable
https://clinicabelba.com/recuperacion-aumento-pecho-tiempos-cuidados-evolucion/,Indexable
https://clinicabelba.com/cuando-hacer-ejercicio-despues-aumento-pecho/,Indexable
https://clinicabelba.com/ca/augment-de-pit-barcelona/,Indexable
https://clinicabelba.com/nl/borstvergroting-barcelona/,Indexable
https://clinicabelba.com/ru/увеличение-груди-барселона/,Indexable
https://clinicabelba.com/nl/biljartkeu-grens/,Indexable
https://clinicabelba.com/it/aumento-di-glutei-barcellona/,Indexable
https://clinicabelba.com/uk/збільшення-сідниць-у-барселоні/,Indexable
https://clinicabelba.com/ru/увеличение-яго/,Indexable
https://clinicabelba.com/ca/augment-de-glutis-barcelona/,Indexable
https://clinicabelba.com/de/gesasvergroserung-barcelona/,Indexable
https://clinicabelba.com/en/vaginoplasty/,Indexable
https://clinicabelba.com/uk/вагінопластика/,Indexable
https://clinicabelba.com/it/vaginoplastica/,Indexable
https://clinicabelba.com/nl/vaginoplastiek/,Indexable
https://clinicabelba.com/ru/вагинопластика/,Indexable
https://clinicabelba.com/de/vaginoplastik/,Indexable
https://clinicabelba.com/ca/vaginoplastia/,Indexable
https://clinicabelba.com/it/aumento-del-seno-preservato/,Indexable
https://clinicabelba.com/nl/borstvergroting-bewaren/,Indexable
https://clinicabelba.com/de/brustvergroserung-erhalten/,Indexable
https://clinicabelba.com/uk/збільшення-грудей-з-збереженням-форм/,Indexable
https://clinicabelba.com/ca/augment-de-pit-preserve/,Indexable
https://clinicabelba.com/ru/увеличить-грудь-сохранить/,Indexable
https://clinicabelba.com/en/breast-augmentation-preserve/,Indexable
https://clinicabelba.com/uk/блефаропластика-до-і-після/,Indexable
https://clinicabelba.com/it/blefaroplastica-prima-e-dopo/,Indexable
https://clinicabelba.com/nl/blefaroplastiek-voor-en-na/,Indexable
https://clinicabelba.com/ru/блефаропластика-до-и-после/,Indexable
https://clinicabelba.com/de/blepharoplastik-vorher-und-nachher/,Indexable
https://clinicabelba.com/ca/blefaroplastia-abans-i-despres/,Indexable
https://clinicabelba.com/drfelixchavarriacirugiaplastica/,Indexable
https://clinicabelba.com/nl/wie-zijn-wij/,Indexable
https://clinicabelba.com/ca/qui-som/,Indexable
https://clinicabelba.com/de/wer-wir-sind/,Indexable
https://clinicabelba.com/uk/про-нас/,Indexable
https://clinicabelba.com/it/chi-siamo/,Indexable
https://clinicabelba.com/drdewevercirugiaplastica/,Indexable
https://clinicabelba.com/ru/кто-мы/,Indexable
https://clinicabelba.com/en/who-are-we/,Indexable
https://clinicabelba.com/ca/lobuloplastia-barcelona/,Indexable
https://clinicabelba.com/ru/лобулопластика-барселона/,Indexable
https://clinicabelba.com/en/lobuloplasty-barcelona/,Indexable
https://clinicabelba.com/uk/лобулопластика-в-барселоні/,Indexable
https://clinicabelba.com/it/lobuloplastica-barcellona/,Indexable
https://clinicabelba.com/de/lobuloplastik-barcelona/,Indexable
https://clinicabelba.com/nl/lobuloplastiek-barcelona/,Indexable
https://clinicabelba.com/en/cookie-policy/,Indexable
https://clinicabelba.com/uk/політика-щодо-файлів-cookie/,Indexable
https://clinicabelba.com/ru/политика-использования-файлов-cookie/,Indexable
https://clinicabelba.com/it/politica-dei-cookie/,Indexable
https://clinicabelba.com/nl/cookiebeleid/,Indexable
https://clinicabelba.com/de/cookie-richtlinie/,Indexable
https://clinicabelba.com/ca/politica-de-cookies/,Indexable
https://clinicabelba.com/de/plastische-chirurgen-barcelona/,Indexable
https://clinicabelba.com/de/fettabsaugung-am-venushugel/,Indexable
https://clinicabelba.com/de/rhinoplastik-barcelona/,Indexable
https://clinicabelba.com/de/bruststraffung/,Indexable
https://clinicabelba.com/de/kontakt/,Indexable
https://clinicabelba.com/de/patientenleitfaden/,Indexable
https://clinicabelba.com/de/intimchirurgie/,Indexable
https://clinicabelba.com/de/bauchdeckenstraffung-vorher-und-nachher/,Indexable
https://clinicabelba.com/de/ginekomastie-barcelona/,Indexable
https://clinicabelba.com/de/korperchirurgie/,Indexable
https://clinicabelba.com/de/patiententest/,No indexable
https://clinicabelba.com/de/blepharoplastik/,Indexable
https://clinicabelba.com/de/brustvergroserungstechnik/,Indexable
https://clinicabelba.com/de/oberschenkelstraffung/,Indexable
https://clinicabelba.com/de/hochdefinitions-fettabsaugung/,Indexable
https://clinicabelba.com/de/mentoplastik-barcelona/,Indexable
https://clinicabelba.com/de/impressum/,Indexable
https://clinicabelba.com/de/rinomodellierung-barcelona/,Indexable
https://clinicabelba.com/de/online-beratung/,No indexable
https://clinicabelba.com/de/brustverkleinerung/,Indexable
https://clinicabelba.com/de/blog/,Indexable
https://clinicabelba.com/de/brustwarzenhofverkleinerung/,Indexable
https://clinicabelba.com/de/gesichtsoperation/,No indexable
https://clinicabelba.com/de/gesichtsstraffung-barcelona/,Indexable
https://clinicabelba.com/de/lippenkorrektur/,Indexable
https://clinicabelba.com/de/prothesenersatz/,Indexable
https://clinicabelba.com/de/ginekomastie-vorher-und-nachher/,Indexable
https://clinicabelba.com/de/lipovaser-davor-und-danach/,Indexable
https://clinicabelba.com/de/brustoperation/,Indexable
https://clinicabelba.com/de/rhinoplastik-davor-und-danach/,Indexable
https://clinicabelba.com/de/fettabsaugung-barcelona/,Indexable
https://clinicabelba.com/de/arten-von-brustvergroserungen/,Indexable
https://clinicabelba.com/de/lipo-vaser/,Indexable
https://clinicabelba.com/de/ohrenkorrektur/,Indexable
https://clinicabelba.com/ca/blefaroplastia/,Indexable
https://clinicabelba.com/ru/блефаропластика/,Indexable
https://clinicabelba.com/nl/blefaroplastiek/,Indexable
https://clinicabelba.com/uk/блефаропластика/,Indexable
https://clinicabelba.com/en/blepharoplasty/,Indexable
https://clinicabelba.com/it/blefaroplastica/,Indexable
https://clinicabelba.com/nl/rinoplastiek-barcelona/,Indexable
https://clinicabelba.com/it/rinoplastica-barcellona/,Indexable
https://clinicabelba.com/en/rhinoplasty-barcelona/,Indexable
https://clinicabelba.com/ru/ринопластика-барселона/,Indexable
https://clinicabelba.com/ca/rinoplastia-barcelona/,Indexable
https://clinicabelba.com/uk/ринопластика-в-барселоні/,Indexable
https://clinicabelba.com/ca/ginecomastia-barcelona/,Indexable
https://clinicabelba.com/uk/гінекомастія-в-барселоні/,Indexable
https://clinicabelba.com/it/ginecomastia-barcellona/,Indexable
https://clinicabelba.com/ru/гинекомастия-барселона/,Indexable
https://clinicabelba.com/nl/gynecomastie-barcelona/,Indexable
https://clinicabelba.com/en/breast-surgery/,Indexable
https://clinicabelba.com/en/thigh-lift/,Indexable
https://clinicabelba.com/en/rhinoplasty-before-and-after/,Indexable
https://clinicabelba.com/en/breast-lift/,Indexable
https://clinicabelba.com/en/online-consultation/,No indexable
https://clinicabelba.com/en/body-surgery/,Indexable
https://clinicabelba.com/en/breast-augmentation-brst-technique/,Indexable
https://clinicabelba.com/en/labiaplasty/,Indexable
https://clinicabelba.com/en/lipolaser-before-and-after/,Indexable
https://clinicabelba.com/en/abdominoplasty-before-and-after/,Indexable
https://clinicabelba.com/en/patient-guide/,Indexable
https://clinicabelba.com/en/facelift-barcelona/,Indexable
https://clinicabelba.com/en/intimate-surgery/,Indexable
https://clinicabelba.com/en/mons-pubis-liposuction/,Indexable
https://clinicabelba.com/en/facial-surgery/,No indexable
https://clinicabelba.com/en/legal-notice/,Indexable
https://clinicabelba.com/en/prosthesis-replacement/,Indexable
https://clinicabelba.com/en/test-patient/,No indexable
https://clinicabelba.com/en/vaser-liposuction/,Indexable
https://clinicabelba.com/en/plastic-surgeons-barcelona/,Indexable
https://clinicabelba.com/en/gynecomastia-before-and-after/,Indexable
https://clinicabelba.com/en/breast-augmentation-types/,Indexable
https://clinicabelba.com/en/areola-reduction/,Indexable
https://clinicabelba.com/en/contact/,Indexable
https://clinicabelba.com/en/otoplasty/,Indexable
https://clinicabelba.com/en/blog/,Indexable
https://clinicabelba.com/en/liposuction-barcelona/,Indexable
https://clinicabelba.com/en/high-definition-liposuction/,Indexable
https://clinicabelba.com/en/mentoplasty-barcelona/,Indexable
https://clinicabelba.com/en/rhinomodeling-barcelona/,Indexable
https://clinicabelba.com/en/breast-reduction/,Indexable
https://clinicabelba.com/ca/reduccio-dareola/,Indexable
https://clinicabelba.com/it/riduzione-dellareola/,Indexable
https://clinicabelba.com/uk/зменшення-ареоли/,Indexable
https://clinicabelba.com/ru/редукция-ареолы/,Indexable
https://clinicabelba.com/nl/reductie-van-de-areola/,Indexable
https://clinicabelba.com/ca/liposuccio-dalta-definicio/,Indexable
https://clinicabelba.com/it/lipoaspirazione-ad-alta-definizione/,Indexable
https://clinicabelba.com/ru/липосакция-высокой-четкости/,Indexable
https://clinicabelba.com/nl/high-definition-liposuctie/,Indexable
https://clinicabelba.com/uk/ліпосакція-високої-чіткості/,Indexable
https://clinicabelba.com/it/lipo-vaser/,Indexable
https://clinicabelba.com/ca/lipo-vaser/,Indexable
https://clinicabelba.com/ru/липо-вазер/,Indexable
https://clinicabelba.com/uk/ліпо-вазер/,Indexable
https://clinicabelba.com/nl/lipo-vaser/,Indexable
https://clinicabelba.com/it/contatto/,Indexable
https://clinicabelba.com/nl/contact/,Indexable
https://clinicabelba.com/ru/контакто/,Indexable
https://clinicabelba.com/ca/contacte/,Indexable
https://clinicabelba.com/uk/контакт/,Indexable
https://clinicabelba.com/nl/borstoperatie/,Indexable
https://clinicabelba.com/ru/маммопластика/,Indexable
https://clinicabelba.com/it/chirurgia-mammaria/,Indexable
https://clinicabelba.com/ca/cirurgia-de-mama/,Indexable
https://clinicabelba.com/uk/хірургія-молочної-залози/,Indexable
https://clinicabelba.com/ca/bloc/,Indexable
https://clinicabelba.com/ca/guia-del-pacient/,Indexable
https://clinicabelba.com/ca/lifting-facial-barcelona/,Indexable
https://clinicabelba.com/ca/rinomodelacio-barcelona/,Indexable
https://clinicabelba.com/ca/cirurgians-plastics-barcelona/,Indexable
https://clinicabelba.com/ca/tipus-daugment-de-pit/,Indexable
https://clinicabelba.com/ca/reduccio-de-mama/,Indexable
https://clinicabelba.com/ca/cirugia-corporal/,Indexable
https://clinicabelba.com/ca/lipovaser-abans-i-despres/,Indexable
https://clinicabelba.com/ca/augment-de-pit-tecnica-brst/,Indexable
https://clinicabelba.com/ca/labioplastia/,Indexable
https://clinicabelba.com/ca/abdominoplastia-abans-i-despres/,Indexable
https://clinicabelba.com/ca/elevacio-de-mama/,Indexable
https://clinicabelba.com/ca/rinoplastia-abans-i-despres/,Indexable
https://clinicabelba.com/ca/recanvi-de-protesi/,Indexable
https://clinicabelba.com/ca/prova-pacient/,No indexable
https://clinicabelba.com/ca/cirurgia-facial/,No indexable
https://clinicabelba.com/ca/ginecomastia-abans-i-despres/,Indexable
https://clinicabelba.com/ca/consulta-en-linia/,No indexable
https://clinicabelba.com/ca/mentoplastia-barcelona/,Indexable
https://clinicabelba.com/ca/cirurgia-intima/,Indexable
https://clinicabelba.com/ca/liposuccio-barcelona/,Indexable
https://clinicabelba.com/ca/otoplastia/,Indexable
https://clinicabelba.com/ca/avis-legal/,Indexable
https://clinicabelba.com/ca/liposuccio-del-mont-de-venus/,Indexable
https://clinicabelba.com/ca/elevacio-de-cuixes/,Indexable
https://clinicabelba.com/uk/ринопластика-до-і-після/,Indexable
https://clinicabelba.com/it/rinoplastica-prima-e-dopo/,Indexable
https://clinicabelba.com/nl/rinoplastiek-voor-en-na/,Indexable
https://clinicabelba.com/ru/ринопластика-до-и-после/,Indexable
https://clinicabelba.com/it/liposuzione-del-monte-di-venere/,Indexable
https://clinicabelba.com/it/riduzione-mammaria/,Indexable
https://clinicabelba.com/it/ginecomastia-prima-e-dopo/,Indexable
https://clinicabelba.com/it/lipovaser-prima-e-dopo/,Indexable
https://clinicabelba.com/it/chirurghi-plastici-barcellona/,Indexable
https://clinicabelba.com/it/mastoplastica-additiva-tecnica-b-r-s-t/,Indexable
https://clinicabelba.com/it/guida-del-paziente/,Indexable
https://clinicabelba.com/it/liposuzione-barcellona/,Indexable
https://clinicabelba.com/it/chirurgia-del-corpo/,Indexable
https://clinicabelba.com/it/chirurgia-intima/,Indexable
https://clinicabelba.com/it/chirurgia-facciale/,No indexable
https://clinicabelba.com/it/lifting-delle-cosce/,Indexable
https://clinicabelba.com/it/blog/,Indexable
https://clinicabelba.com/it/consultazione-online/,No indexable
https://clinicabelba.com/it/mentoplastica-barcellona/,Indexable
https://clinicabelba.com/it/mastopessi/,Indexable
https://clinicabelba.com/it/otoplastica/,Indexable
https://clinicabelba.com/it/ricambio-di-protesi/,Indexable
https://clinicabelba.com/it/lifting-facciale-barcellona/,Indexable
https://clinicabelba.com/it/addominoplastica-prima-e-dopo/,Indexable
https://clinicabelba.com/it/rinoplastica-a-barcellona/,Indexable
https://clinicabelba.com/it/avviso-legale/,Indexable
https://clinicabelba.com/it/tipi-di-aumento-del-seno/,Indexable
https://clinicabelba.com/it/paziente-di-prova/,No indexable
https://clinicabelba.com/it/labioplastica/,Indexable
https://clinicabelba.com/ru/риномоделирование-барселона/,Indexable
https://clinicabelba.com/nl/rinomodelacion-barcelona/,Indexable
https://clinicabelba.com/uk/ринопластика-в-барселоні-2/,Indexable
https://clinicabelba.com/wp-content/uploads/2023/01/Guia-del-paciente-Consulta-de-Cirurgia-Plastica.pdf,Indexable
https://clinicabelba.com/nl/patienten-gids/,Indexable
https://clinicabelba.com/uk/посібник-для-пацієнта/,Indexable
https://clinicabelba.com/ru/памятка-для-пациента/,Indexable
https://clinicabelba.com/nl/borstvergroting-techniek-brst/,Indexable
https://clinicabelba.com/uk/збільшення-грудей-за-допомогою-техні/,Indexable
https://clinicabelba.com/ru/увеличить-грудь-техника-brst/,Indexable
https://clinicabelba.com/wp-content/uploads/2026/03/cv-laura-torrano-romero-esp.pdf,Indexable
https://clinicabelba.com/uk/пластичні-хірурги-в-барселоні/,Indexable
https://clinicabelba.com/nl/plastisch-chirurgen-barcelona/,Indexable
https://clinicabelba.com/nl/mentoplastiek-barcelona/,Indexable
https://clinicabelba.com/ru/пластические-хирурги-барселона/,Indexable
https://clinicabelba.com/uk/ментопластика-в-барселоні/,Indexable
https://clinicabelba.com/ru/ментопластика-барселона/,Indexable
https://clinicabelba.com/primera-consulta-cirugia-estetica/,Indexable
https://clinicabelba.com/nl/lichaamschirurgie/,Indexable
https://clinicabelba.com/ru/пластическая-хирургия/,Indexable
https://clinicabelba.com/como-eliminar-grasa-abdominal/,Indexable
https://clinicabelba.com/uk/хірургія-тіла/,Indexable
https://clinicabelba.com/nl/ginecomastie-voor-en-na/,Indexable
https://clinicabelba.com/uk/гінекомастія-до-і-після/,Indexable
https://clinicabelba.com/ru/гинекомастия-до-и-после/,Indexable
https://clinicabelba.com/nl/lifting-van-de-dijen/,Indexable
https://clinicabelba.com/ru/подтяжка-бедер/,Indexable
https://clinicabelba.com/uk/підтяжка-стегон/,Indexable
https://clinicabelba.com/nl/gezichtsbehandeling-barcelona/,Indexable
https://clinicabelba.com/ru/лифтинг-лица-барселона/,Indexable
https://clinicabelba.com/uk/підтяжка-обличчя-в-барселоні/,Indexable
https://clinicabelba.com/nl/borstverkleining/,Indexable
https://clinicabelba.com/ru/редукция-груди/,Indexable
https://clinicabelba.com/uk/зменшення-грудей/,Indexable
https://clinicabelba.com/ru/липосакция-барселона/,Indexable
https://clinicabelba.com/nl/liposuctie-barcelona/,Indexable
https://clinicabelba.com/blog/2/,No indexable
https://clinicabelba.com/blog/10/,No indexable
https://clinicabelba.com/blog/4/,No indexable
https://clinicabelba.com/uk/ліпосакція-в-барселоні/,Indexable
https://clinicabelba.com/blog/3/,No indexable
https://clinicabelba.com/blog/6/,No indexable
https://clinicabelba.com/pezones-invertidos-correccion/,Indexable
https://clinicabelba.com/lipovaser-que-es/,Indexable
https://clinicabelba.com/blog/5/,No indexable
https://clinicabelba.com/blog/8/,No indexable
https://clinicabelba.com/blog/7/,No indexable
https://clinicabelba.com/cicatriz-cesarea-correccion/,Indexable
https://clinicabelba.com/blog/9/,No indexable
https://clinicabelba.com/test-post-2193c672-50fa-4ac0-84bf-874e83e57613-c19602556d950424/,Indexable
https://clinicabelba.com/asimetria-mamaria-cuando-operar/,Indexable
https://clinicabelba.com/blefaroplastia-sin-cirugia/,Indexable
https://clinicabelba.com/fr/drdeweverplasticsurgery/,Indexable
https://clinicabelba.com/fr/blog/2/,No indexable
https://clinicabelba.com/fr/blog/3/,No indexable
https://clinicabelba.com/fr/blog/4/,No indexable
https://clinicabelba.com/fr/blog/5/,No indexable
https://clinicabelba.com/fr/asimetria-mamaria-cuando-operar/,Indexable
https://clinicabelba.com/fr/test-post-2193c672-50fa-4ac0-84bf-874e83e57613-c19602556d950424/,Indexable
https://clinicabelba.com/fr/blog/6/,No indexable
https://clinicabelba.com/fr/blog/7/,No indexable
https://clinicabelba.com/fr/lipovaser-que-es/,Indexable
https://clinicabelba.com/fr/blepharoplastie-sans-chirurgie/,Indexable
https://clinicabelba.com/fr/blog/10/,No indexable
https://clinicabelba.com/fr/pezones-invertidos-correccion/,Indexable
https://clinicabelba.com/fr/cicatriz-cesarea-correccion/,Indexable
https://clinicabelba.com/fr/blog/8/,No indexable
https://clinicabelba.com/fr/blog/9/,No indexable
https://clinicabelba.com/precio-liposuccion-espana/,Indexable
https://clinicabelba.com/author/webbelba/,Indexable
https://clinicabelba.com/ca/drfelixchavarriacirugiaplastica/,Indexable
https://clinicabelba.com/en/drfelixchavarriacirugiaplastica/,Indexable
https://clinicabelba.com/ru/дрфеликсчаварриацируджиапластика/,Indexable
https://clinicabelba.com/it/dr-felix-chavarria-chirurgia-plastica/,Indexable
https://clinicabelba.com/uk/drfelixchavarriacirugiaplastica/,Indexable
https://clinicabelba.com/nl/drfelixchavarriacirugiaplastica/,Indexable
https://clinicabelba.com/de/dr-felix-chavarria-plastische-chirurgie/,Indexable
https://clinicabelba.com/ca/drdewevercirugiaplastica/,Indexable
https://clinicabelba.com/nl/drdeweverplastischechirurgie/,Indexable
https://clinicabelba.com/de/dr-dewever-plastische-chirurgie/,Indexable
https://clinicabelba.com/uk/drdeweverпластичнахірургія/,Indexable
https://clinicabelba.com/it/drdeweverchirurgiaplastica/,Indexable
https://clinicabelba.com/en/drdewevercosmeticsurgery/,Indexable
https://clinicabelba.com/ru/ждрдеверхирургияпластическая/,Indexable
https://clinicabelba.com/de/blog/2/,No indexable
https://clinicabelba.com/de/asimetria-mamaria-cuando-operar/,Indexable
https://clinicabelba.com/de/blog/3/,No indexable
https://clinicabelba.com/de/blog/4/,No indexable
https://clinicabelba.com/de/cicatriz-cesarea-correccion/,Indexable
https://clinicabelba.com/de/blog/9/,No indexable
https://clinicabelba.com/de/blog/6/,No indexable
https://clinicabelba.com/de/lipovaser-was-ist/,Indexable
https://clinicabelba.com/de/pezones-invertidos-correccion/,Indexable
https://clinicabelba.com/de/blog/10/,No indexable
https://clinicabelba.com/de/blog/5/,No indexable
https://clinicabelba.com/de/blog/7/,No indexable
https://clinicabelba.com/de/test-post-2193c672-50fa-4ac0-84bf-874e83e57613-c19602556d950424/,Indexable
https://clinicabelba.com/de/blog/8/,No indexable
https://clinicabelba.com/de/blepharoplastik-ohne-operation/,Indexable
https://clinicabelba.com/en/test-post-2193c672-50fa-4ac0-84bf-874e83e57613-c19602556d950424/,Indexable
https://clinicabelba.com/en/cicatriz-cesarea-correccion/,Indexable
https://clinicabelba.com/en/asimetria-mamaria-cuando-operar/,Indexable
https://clinicabelba.com/en/non-surgical-blepharoplasty/,Indexable
https://clinicabelba.com/en/pezones-invertidos-correccion/,Indexable
https://clinicabelba.com/en/blog/4/,No indexable
https://clinicabelba.com/en/blog/3/,No indexable
https://clinicabelba.com/en/blog/2/,No indexable
https://clinicabelba.com/en/blog/8/,No indexable
https://clinicabelba.com/en/blog/7/,No indexable
https://clinicabelba.com/en/blog/6/,No indexable
https://clinicabelba.com/en/blog/5/,No indexable
https://clinicabelba.com/en/blog/10/,No indexable
https://clinicabelba.com/en/blog/9/,No indexable
https://clinicabelba.com/en/lipovaser-what-is-it/,Indexable
https://clinicabelba.com/ca/bloc/2/,No indexable
https://clinicabelba.com/ca/bloc/4/,No indexable
https://clinicabelba.com/ca/bloc/5/,No indexable
https://clinicabelba.com/ca/bloc/3/,No indexable
https://clinicabelba.com/ca/test-post-2193c672-50fa-4ac0-84bf-874e83e57613-c19602556d950424/,Indexable
https://clinicabelba.com/ca/bloc/8/,No indexable
https://clinicabelba.com/ca/bloc/9/,No indexable
https://clinicabelba.com/ca/bloc/6/,No indexable
https://clinicabelba.com/ca/asimetria-mamaria-cuando-operar/,Indexable
https://clinicabelba.com/ca/pezones-invertidos-correccion/,Indexable
https://clinicabelba.com/ca/bloc/7/,No indexable
https://clinicabelba.com/ca/bloc/10/,No indexable
https://clinicabelba.com/ca/cicatriz-cesarea-correccion/,Indexable
https://clinicabelba.com/ca/lipovaser-que-es/,Indexable
https://clinicabelba.com/ca/blefaroplastia-sense-cirurgia/,Indexable
https://clinicabelba.com/mama-tuberosa-grados-cirugia/,Indexable
https://clinicabelba.com/lipovaser-vs-liposuccion/,Indexable
https://clinicabelba.com/rinoplastia-hombre-antes-y-despues-mejorado/,Indexable
https://clinicabelba.com/labios-vaginales/,Indexable
https://clinicabelba.com/recuperacion-rinoplastia-semana-a-semana/,Indexable
https://clinicabelba.com/diastasis-abdominal-es-peligroso/,Indexable
https://clinicabelba.com/recuperacion-liposuccion-semana-a-semana/,Indexable
https://clinicabelba.com/rinoplastia-hombre-antes-y-despues/,Indexable
https://clinicabelba.com/hipertrofia-labios-menores/,Indexable
https://clinicabelba.com/bbl-hialuronico-o-protesis-gluteo-cual-elegir/,Indexable
https://clinicabelba.com/cuanto-dura-una-blefaroplastia/,Indexable
https://clinicabelba.com/merece-la-pena-operarse-el-pecho/,Indexable
https://clinicabelba.com/que-es-bichectomia/,Indexable
https://clinicabelba.com/lifting-denise-richards/,Indexable
https://clinicabelba.com/aumento-hibrido-vs-implantes/,Indexable
https://clinicabelba.com/aumento-pecho-150cc/,Indexable
https://clinicabelba.com/abdominoplastia-recuperacion/,Indexable
https://clinicabelba.com/aumento-pecho-barcelona-elegir-cirujano/,Indexable
https://clinicabelba.com/que-es-un-bbl-brazilian-butt-lift/,Indexable
https://clinicabelba.com/postoperatorio-lifting-facial-semana-a-semana/,Indexable
https://clinicabelba.com/rinomodelacion-cuanto-dura/,Indexable
https://clinicabelba.com/precio-abdominoplastia/,Indexable
https://clinicabelba.com/mejor-edad-para-aumento-pecho/,Indexable
https://clinicabelba.com/precio-blefaroplastia/,Indexable
https://clinicabelba.com/recuperacion-blefaroplastia/,Indexable
https://clinicabelba.com/tipos-lifting-facial-corporal/,Indexable
https://clinicabelba.com/precio-aumento-pecho-barcelona/,Indexable
https://clinicabelba.com/tipos-protesis-pecho-redondas-anatomicas/,Indexable
https://clinicabelba.com/cuanto-vale-aumento-pecho-espana/,Indexable
https://clinicabelba.com/nl/blog/10/,No indexable
https://clinicabelba.com/nl/test-post-2193c672-50fa-4ac0-84bf-874e83e57613-c19602556d950424/,Indexable
https://clinicabelba.com/nl/pezones-invertidos-correccion/,Indexable
https://clinicabelba.com/nl/blog/8/,No indexable
https://clinicabelba.com/nl/blog/9/,No indexable
https://clinicabelba.com/nl/blog/6/,No indexable
https://clinicabelba.com/nl/blog/5/,No indexable
https://clinicabelba.com/nl/blog/7/,No indexable
https://clinicabelba.com/nl/blog/4/,No indexable
https://clinicabelba.com/nl/blog/3/,No indexable
https://clinicabelba.com/nl/blog/2/,No indexable
https://clinicabelba.com/nl/cicatriz-cesarea-correccion/,Indexable
https://clinicabelba.com/nl/blefaroplastiek-zonder-chirurgie/,Indexable
https://clinicabelba.com/nl/lipovaser-wat-is-dat/,Indexable
https://clinicabelba.com/nl/asimetria-mamaria-cuando-operar/,Indexable
https://clinicabelba.com/como-elegir-cirujano-plastico/,Indexable
https://clinicabelba.com/labios-vaginales-que-son-tipos-cuidados-y-cuando-consultar/,Indexable
https://clinicabelba.com/uk/блог/9/,No indexable
https://clinicabelba.com/uk/що-таке-lipovaser/,Indexable
https://clinicabelba.com/uk/блог/3/,No indexable
https://clinicabelba.com/uk/блог/4/,No indexable
https://clinicabelba.com/uk/блог/2/,No indexable
https://clinicabelba.com/uk/блог/7/,No indexable
https://clinicabelba.com/uk/блог/8/,No indexable
https://clinicabelba.com/uk/asimetria-mamaria-cuando-operar/,Indexable
https://clinicabelba.com/uk/блог/6/,No indexable
https://clinicabelba.com/uk/блог/5/,No indexable
https://clinicabelba.com/uk/блог/10/,No indexable
https://clinicabelba.com/uk/cicatriz-cesarea-correccion/,Indexable
https://clinicabelba.com/uk/pezones-invertidos-correccion/,Indexable
https://clinicabelba.com/uk/test-post-2193c672-50fa-4ac0-84bf-874e83e57613-c19602556d950424/,Indexable
https://clinicabelba.com/uk/блефаропластика-без-хірургічного-вт/,Indexable
https://clinicabelba.com/ru/блог/3/,No indexable
https://clinicabelba.com/ru/cicatriz-cesarea-correccion/,Indexable
https://clinicabelba.com/ru/блог/2/,No indexable
https://clinicabelba.com/ru/блог/5/,No indexable
https://clinicabelba.com/ru/asimetria-mamaria-cuando-operar/,Indexable
https://clinicabelba.com/ru/блог/4/,No indexable
https://clinicabelba.com/ru/блог/10/,No indexable
https://clinicabelba.com/ru/блог/7/,No indexable
https://clinicabelba.com/ru/блог/6/,No indexable
https://clinicabelba.com/ru/test-post-2193c672-50fa-4ac0-84bf-874e83e57613-c19602556d950424/,Indexable
https://clinicabelba.com/ru/блог/9/,No indexable
https://clinicabelba.com/ru/блог/8/,No indexable
https://clinicabelba.com/ru/липосер-что-это/,Indexable
https://clinicabelba.com/ru/блефаропластика-без-хирургического/,Indexable
https://clinicabelba.com/ru/pezones-invertidos-correccion/,Indexable
https://clinicabelba.com/fr/drfelixchavarriacirugiaplastica/,Indexable
https://clinicabelba.com/it/blog/2/,No indexable
https://clinicabelba.com/it/asimetria-mamaria-cuando-operar/,Indexable
https://clinicabelba.com/it/pezones-invertidos-correccion/,Indexable
https://clinicabelba.com/it/blog/6/,No indexable
https://clinicabelba.com/it/test-post-2193c672-50fa-4ac0-84bf-874e83e57613-c19602556d950424/,Indexable
https://clinicabelba.com/it/blog/10/,No indexable
https://clinicabelba.com/it/blog/4/,No indexable
https://clinicabelba.com/it/blog/5/,No indexable
https://clinicabelba.com/it/blog/3/,No indexable
https://clinicabelba.com/it/blog/9/,No indexable
https://clinicabelba.com/it/blog/8/,No indexable
https://clinicabelba.com/it/blog/7/,No indexable
https://clinicabelba.com/it/cicatriz-cesarea-correccion/,Indexable
https://clinicabelba.com/it/blefaroplastica-non-chirurgica/,Indexable
https://clinicabelba.com/it/la-lipovaser-e-una-tecnica-di-liposuzione-assistita-da-ultrasuoni-che-utilizza-onde-ultrasoniche-per-sciogliere-il-grasso-prima-della-sua-rimozione/,Indexable
https://clinicabelba.com/seroma-tras-cirugia-que-es-como-prevenir/,Indexable
https://clinicabelba.com/rinoplastia-ultrasonica-ventajas-limites/,Indexable
https://clinicabelba.com/en/rhinoplasty-male-before-and-after-improved/,Indexable
https://clinicabelba.com/en/labia-what-they-are-types-care-and-when-to-consult-a-doctor/,Indexable
https://clinicabelba.com/en/labia/,Indexable
https://clinicabelba.com/en/ultrasonic-rhinoplasty-advantages-limitations/,Indexable
https://clinicabelba.com/ca/llavis-vaginals-quins-son-tipus-cures-i-quan-consultar/,Indexable
https://clinicabelba.com/ca/rinoplastia-home-abans-i-despres-millorat/,Indexable
https://clinicabelba.com/ca/rinoplastia-ultrasonica-avantatges-limits/,Indexable
https://clinicabelba.com/ca/llavis-vaginals/,Indexable
https://clinicabelba.com/ru/ринопластика-мужчина-до-и-после-улучш/,Indexable
https://clinicabelba.com/it/rinoplastica-uomo-prima-e-dopo-migliorata/,Indexable
https://clinicabelba.com/nl/rhinoplastiek-man-voor-en-na-verbeterd/,Indexable
https://clinicabelba.com/uk/ринопластика-у-чоловіків-до-і-післ/,Indexable
https://clinicabelba.com/ru/лабии-вульвы/,Indexable
https://clinicabelba.com/it/labbra-vaginali/,Indexable
https://clinicabelba.com/uk/статеві-губи/,Indexable
https://clinicabelba.com/nl/labia-minora/,Indexable
https://clinicabelba.com/aumento-pecho-precio/,Indexable
https://clinicabelba.com/de/schamlippen/,Indexable
https://clinicabelba.com/de/ultraschall-rhinoplastik-vorteile-grenzen/,Indexable
https://clinicabelba.com/de/vaginale-lippen-was-sie-sind-arten-pflege-und-wann-ein-arzt-aufgesucht-werden-sollte/,Indexable
https://clinicabelba.com/de/rhinoplastik-mann-vorher-und-nachher-verbessert/,Indexable
https://clinicabelba.com/ru/aumento-de-mama-hibrido/,No indexable
https://clinicabelba.com/en/aumento-de-mama-hibrido/,No indexable
https://clinicabelba.com/it/aumento-de-mama-hibrido/,No indexable
https://clinicabelba.com/de/aumento-de-mama-hibrido/,No indexable
https://clinicabelba.com/uk/гібридне-збільшення-грудей/,No indexable
https://clinicabelba.com/nl/hybride-borstvergroting/,No indexable
https://clinicabelba.com/ca/aumento-de-mama-hibrido/,No indexable
https://clinicabelba.com/nl/auteur/webbel/,Indexable
https://clinicabelba.com/it/autore/bellissima/,Indexable
https://clinicabelba.com/en/author/webbelba/,Indexable
https://clinicabelba.com/de/autor/webbelba/,Indexable
https://clinicabelba.com/uk/автор/webbelba/,Indexable
https://clinicabelba.com/fr/auteur/webbelba/,Indexable
https://clinicabelba.com/author/webbelba/page/2/,Indexable
https://clinicabelba.com/ru/автор/веббелба/,Indexable
https://clinicabelba.com/ca/autor/webbelba/,Indexable
https://clinicabelba.com/fr/rinoplastia-ultrasonica-ventajas-limites/,Indexable
https://clinicabelba.com/fr/rhinoplastie-homme-avant-et-apres-ameliore/,Indexable
https://clinicabelba.com/fr/levres-vaginales/,Indexable
https://clinicabelba.com/fr/levres-vaginales-quest-ce-que-cest-types-soins-et-quand-consulter/,Indexable
https://clinicabelba.com/fr/aumento-de-mama-hibrido/,No indexable
https://clinicabelba.com/it/rinoplastica-ultrasonica-vantaggi-e-limiti/,Indexable
https://clinicabelba.com/ru/ультразвуковая-ринопластика-преиму/,Indexable
https://clinicabelba.com/uk/ультразвукова-ринопластика-переваг/,Indexable
https://clinicabelba.com/uk/статеві-губи-як-доглядати-за-ними-та-ко/,Indexable
https://clinicabelba.com/it/labbra-vaginali-cosa-sono-tipologie-cura-e-quando-consultare-un-medico/,Indexable
https://clinicabelba.com/ru/половой-жизни-являющиеся-типами-уход/,Indexable
https://clinicabelba.com/nl/labios-vaginales-que-son-tipos-cuidados-y-cuando-consultar/,Indexable
https://clinicabelba.com/nl/ultrasone-neuscorrectie-voordelen-beperkingen/,Indexable
https://clinicabelba.com/uk/вартість-збільшення-грудей/,Indexable
https://clinicabelba.com/it/aumento-seno-prezzo/,Indexable
https://clinicabelba.com/ca/augment-de-pits-preu/,Indexable
https://clinicabelba.com/ru/увеличение-груди-цена/,Indexable
https://clinicabelba.com/nl/borstvergroting-prijs/,Indexable
https://clinicabelba.com/en/breast-augmentation-price/,Indexable
https://clinicabelba.com/de/brustvergroserung-preis/,Indexable
https://clinicabelba.com/fr/augmentation-mammaire-prix/,Indexable
https://clinicabelba.com/author/webbelba/page/3/,Indexable
https://clinicabelba.com/ru/автор/веббелба/страница/2/,Indexable
https://clinicabelba.com/ca/autor/webbelba/pagina/2/,Indexable
https://clinicabelba.com/fr/auteur/webbelba/page/2/,Indexable
https://clinicabelba.com/uk/автор/webbelba/сторінка/2/,Indexable
https://clinicabelba.com/de/autor/webbelba/seite/2/,Indexable
https://clinicabelba.com/en/author/webbelba/page/2/,Indexable
https://clinicabelba.com/nl/auteur/webbel/pagina/2/,Indexable
https://clinicabelba.com/it/autore/bellissima/pagina/2/,Indexable
https://clinicabelba.com/fr/auteur/webbelba/page/3/,Indexable
https://clinicabelba.com/de/autor/webbelba/seite/3/,Indexable
https://clinicabelba.com/en/author/webbelba/page/3/,Indexable
https://clinicabelba.com/it/autore/bellissima/pagina/3/,Indexable
https://clinicabelba.com/ru/автор/веббелба/страница/3/,Indexable
https://clinicabelba.com/author/webbelba/page/4/,Indexable
https://clinicabelba.com/nl/auteur/webbel/pagina/3/,Indexable
https://clinicabelba.com/ca/autor/webbelba/pagina/3/,Indexable
https://clinicabelba.com/uk/автор/webbelba/сторінка/3/,Indexable
https://clinicabelba.com/author/webbelba/page/5/,Indexable
https://clinicabelba.com/nl/auteur/webbel/pagina/4/,Indexable
https://clinicabelba.com/uk/автор/webbelba/сторінка/4/,Indexable
https://clinicabelba.com/ca/autor/webbelba/pagina/4/,Indexable
https://clinicabelba.com/ru/автор/веббелба/страница/4/,Indexable
https://clinicabelba.com/it/autore/bellissima/pagina/4/,Indexable
https://clinicabelba.com/en/author/webbelba/page/4/,Indexable
https://clinicabelba.com/fr/auteur/webbelba/page/4/,Indexable
https://clinicabelba.com/de/autor/webbelba/seite/4/,Indexable
https://clinicabelba.com/de/autor/webbelba/seite/5/,Indexable
https://clinicabelba.com/it/autore/bellissima/pagina/5/,Indexable
https://clinicabelba.com/en/author/webbelba/page/5/,Indexable
https://clinicabelba.com/fr/auteur/webbelba/page/5/,Indexable
https://clinicabelba.com/nl/auteur/webbel/pagina/5/,Indexable
https://clinicabelba.com/ca/autor/webbelba/pagina/5/,Indexable
https://clinicabelba.com/author/webbelba/page/6/,Indexable
https://clinicabelba.com/ru/автор/веббелба/страница/5/,Indexable
https://clinicabelba.com/uk/автор/webbelba/сторінка/5/,Indexable
https://clinicabelba.com/nl/auteur/webbel/pagina/6/,Indexable
https://clinicabelba.com/ca/autor/webbelba/pagina/6/,Indexable
https://clinicabelba.com/uk/автор/webbelba/сторінка/6/,Indexable
https://clinicabelba.com/ru/автор/веббелба/страница/6/,Indexable
https://clinicabelba.com/fr/auteur/webbelba/page/6/,Indexable
https://clinicabelba.com/en/author/webbelba/page/6/,Indexable
https://clinicabelba.com/it/autore/bellissima/pagina/6/,Indexable
https://clinicabelba.com/de/autor/webbelba/seite/6/,Indexable
