"Dirección","Repeticiones","Meta Keywords 1","Longitud de meta keywords 1","Indexabilidad","Estado de indexabilidad"
"https://clinicabelba.com/","0","","0","Indexable",""
"https://clinicabelba.com/mini-lifting-facial-barcelona/","0","","0","Indexable",""
"https://clinicabelba.com/fr/","0","","0","Indexable",""
"https://clinicabelba.com/mommy-makeover-barcelona/","0","","0","Indexable",""
"https://clinicabelba.com/remodelacion-costal/","0","","0","Indexable",""
"https://clinicabelba.com/minimal-scar/","0","","0","Indexable",""
"https://clinicabelba.com/abdominoplastia-barcelona/","0","","0","Indexable",""
"https://clinicabelba.com/lifting-de-brazos/","0","","0","Indexable",""
"https://clinicabelba.com/politica-de-privacidad/","0","","0","Indexable",""
"https://clinicabelba.com/aumento-pecho-barcelona/","0","","0","Indexable",""
"https://clinicabelba.com/aumento-de-gluteos-barcelona/","0","","0","Indexable",""
"https://clinicabelba.com/vaginoplastia/","0","","0","Indexable",""
"https://clinicabelba.com/aumento-pecho-preserve/","0","","0","Indexable",""
"https://clinicabelba.com/consulta-online/","0","","0","No indexable","noindex"
"https://clinicabelba.com/blefaroplastia-antes-y-despues/","0","","0","Indexable",""
"https://clinicabelba.com/quienes-somos/","0","","0","Indexable",""
"https://clinicabelba.com/lobuloplastia-barcelona/","0","","0","Indexable",""
"https://clinicabelba.com/politica-de-cookies/","0","","0","Indexable",""
"https://clinicabelba.com/de/","0","","0","Indexable",""
"https://clinicabelba.com/blefaroplastia/","0","","0","Indexable",""
"https://clinicabelba.com/rinoplastia-barcelona/","0","","0","Indexable",""
"https://clinicabelba.com/ginecomastia-barcelona/","0","","0","Indexable",""
"https://clinicabelba.com/en/","0","","0","Indexable",""
"https://clinicabelba.com/reduccion-de-areola/","0","","0","Indexable",""
"https://clinicabelba.com/liposuccion-de-alta-definicion/","0","","0","Indexable",""
"https://clinicabelba.com/lipo-vaser/","0","","0","Indexable",""
"https://clinicabelba.com/contacto/","0","","0","Indexable",""
"https://clinicabelba.com/cirugia-de-la-mama/","0","","0","Indexable",""
"https://clinicabelba.com/ca/","0","","0","Indexable",""
"https://clinicabelba.com/rinoplastia-antes-y-despues/","0","","0","Indexable",""
"https://clinicabelba.com/it/","0","","0","Indexable",""
"https://clinicabelba.com/rinomodelacion-barcelona/","0","","0","Indexable",""
"https://clinicabelba.com/guia-del-paciente/","0","","0","Indexable",""
"https://clinicabelba.com/aumento-de-pecho-tecnica-brst/","0","","0","Indexable",""
"https://clinicabelba.com/cirujanos-plasticos-barcelona/","0","","0","Indexable",""
"https://clinicabelba.com/mentoplastia-barcelona/","0","","0","Indexable",""
"https://clinicabelba.com/cirugia-corporal/","0","","0","Indexable",""
"https://clinicabelba.com/ginecomastia-antes-y-despues/","0","","0","Indexable",""
"https://clinicabelba.com/lifting-de-muslos/","0","","0","Indexable",""
"https://clinicabelba.com/lifting-facial-barcelona/","0","","0","Indexable",""
"https://clinicabelba.com/reduccion-de-mama/","0","","0","Indexable",""
"https://clinicabelba.com/liposuccion-barcelona/","0","","0","Indexable",""
"https://clinicabelba.com/labioplastia/","0","","0","Indexable",""
"https://clinicabelba.com/otoplastia/","0","","0","Indexable",""
"https://clinicabelba.com/nl/","0","","0","Indexable",""
"https://clinicabelba.com/cirugia-intima/","0","","0","Indexable",""
"https://clinicabelba.com/tipos-aumento-de-pecho/","0","","0","Indexable",""
"https://clinicabelba.com/lipovaser-antes-y-despues/","0","","0","Indexable",""
"https://clinicabelba.com/uk/","0","","0","Indexable",""
"https://clinicabelba.com/test-paciente/","0","","0","No indexable","noindex"
"https://clinicabelba.com/cirugia-facial/","0","","0","No indexable","noindex"
"https://clinicabelba.com/recambio-de-protesis/","0","","0","Indexable",""
"https://clinicabelba.com/aviso-legal/","0","","0","Indexable",""
"https://clinicabelba.com/elevacion-de-mama/","0","","0","Indexable",""
"https://clinicabelba.com/liposuccion-de-monte-de-venus/","0","","0","Indexable",""
"https://clinicabelba.com/ru/","0","","0","Indexable",""
"https://clinicabelba.com/abdominoplastia-antes-y-despues/","0","","0","Indexable",""
"https://clinicabelba.com/blog/","0","","0","Indexable",""
"https://clinicabelba.com/de/mini-lifting-gesicht-barcelona/","0","","0","Indexable",""
"https://clinicabelba.com/it/mini-lifting-facciale-barcellona/","0","","0","Indexable",""
"https://clinicabelba.com/nl/mini-facelift-barcelona/","0","","0","Indexable",""
"https://clinicabelba.com/uk/міні-ліфтинг-обличчя-в-барселоні/","0","","0","Indexable",""
"https://clinicabelba.com/en/mini-lifting-facial-barcelona/","0","","0","Indexable",""
"https://clinicabelba.com/ru/мини-лифтинг-лица-барселона/","0","","0","Indexable",""
"https://clinicabelba.com/fr/mini-lifting-facial-barcelone/","0","","0","Indexable",""
"https://clinicabelba.com/ca/mini-lifting-facial-barcelona/","0","","0","Indexable",""
"https://clinicabelba.com/uk/лабіопластика/","0","","0","Indexable",""
"https://clinicabelba.com/nl/labiaplastiek/","0","","0","Indexable",""
"https://clinicabelba.com/ru/лабиопластика/","0","","0","Indexable",""
"https://clinicabelba.com/nl/otoplastie/","0","","0","Indexable",""
"https://clinicabelba.com/ru/отопластика/","0","","0","Indexable",""
"https://clinicabelba.com/uk/отопластика/","0","","0","Indexable",""
"https://clinicabelba.com/nl/lipovaser-voor-en-na/","0","","0","Indexable",""
"https://clinicabelba.com/nl/borstvergroting/","0","","0","Indexable",""
"https://clinicabelba.com/nl/online-consult/","0","","0","No indexable","noindex"
"https://clinicabelba.com/nl/intieme-chirurgie/","0","","0","Indexable",""
"https://clinicabelba.com/nl/liposuctie-venusheuvel/","0","","0","Indexable",""
"https://clinicabelba.com/nl/prothese-wisseling/","0","","0","Indexable",""
"https://clinicabelba.com/nl/soorten-borstvergroting/","0","","0","Indexable",""
"https://clinicabelba.com/nl/blog/","0","","0","Indexable",""
"https://clinicabelba.com/nl/test-patient/","0","","0","No indexable","noindex"
"https://clinicabelba.com/nl/buikwandcorrectie-voor-en-na/","0","","0","Indexable",""
"https://clinicabelba.com/nl/juridische-mededeling/","0","","0","Indexable",""
"https://clinicabelba.com/nl/gezichtsoperatie/","0","","0","No indexable","noindex"
"https://clinicabelba.com/monte-de-venus-abultado/","0","","0","Indexable",""
"https://clinicabelba.com/ru/интимная-хирургия/","0","","0","Indexable",""
"https://clinicabelba.com/vaginoplastia-cuando-se-recomienda/","0","","0","Indexable",""
"https://clinicabelba.com/uk/хірургія-інтимних-органів/","0","","0","Indexable",""
"https://clinicabelba.com/ru/типы-увеличения-груди/","0","","0","Indexable",""
"https://clinicabelba.com/uk/види-збільшення-грудей/","0","","0","Indexable",""
"https://clinicabelba.com/uk/lipovaser-до-і-після/","0","","0","Indexable",""
"https://clinicabelba.com/ru/липосакция-до-и-после/","0","","0","Indexable",""
"https://clinicabelba.com/uk/ліпосакція-лобка/","0","","0","Indexable",""
"https://clinicabelba.com/uk/підтяжка-грудей/","0","","0","Indexable",""
"https://clinicabelba.com/uk/тест-пацієнта/","0","","0","No indexable","noindex"
"https://clinicabelba.com/uk/абдомінопластика-до-і-після/","0","","0","Indexable",""
"https://clinicabelba.com/uk/блог/","0","","0","Indexable",""
"https://clinicabelba.com/uk/онлайн-консультація/","0","","0","No indexable","noindex"
"https://clinicabelba.com/uk/юридичне-повідомлення/","0","","0","Indexable",""
"https://clinicabelba.com/uk/пластична-хірургія-обличчя/","0","","0","No indexable","noindex"
"https://clinicabelba.com/uk/заміна-протеза/","0","","0","Indexable",""
"https://clinicabelba.com/ru/правовая-оговорка/","0","","0","Indexable",""
"https://clinicabelba.com/ru/замена-протеза/","0","","0","Indexable",""
"https://clinicabelba.com/ru/подтяжка-груди/","0","","0","Indexable",""
"https://clinicabelba.com/ru/тест-пациента/","0","","0","No indexable","noindex"
"https://clinicabelba.com/ru/липосакция-лобка/","0","","0","Indexable",""
"https://clinicabelba.com/ru/челюстно-лицевая-хирургия/","0","","0","No indexable","noindex"
"https://clinicabelba.com/ru/онлайн-консультация/","0","","0","No indexable","noindex"
"https://clinicabelba.com/ru/блог/","0","","0","Indexable",""
"https://clinicabelba.com/ru/абдоминопластика-до-и-после/","0","","0","Indexable",""
"https://clinicabelba.com/fr/mentoplastia-barcelona/","0","","0","Indexable",""
"https://clinicabelba.com/fr/lifting-des-bras/","0","","0","Indexable",""
"https://clinicabelba.com/fr/chirurgie-mammaire/","0","","0","Indexable",""
"https://clinicabelba.com/fr/chirurgiens-plasticiens-barcelone/","0","","0","Indexable",""
"https://clinicabelba.com/fr/mastopexie/","0","","0","Indexable",""
"https://clinicabelba.com/fr/cicatrice-minimale/","0","","0","Indexable",""
"https://clinicabelba.com/fr/gynecomastie-avant-et-apres/","0","","0","Indexable",""
"https://clinicabelba.com/fr/augmentation-mammaire-technique-brst/","0","","0","Indexable",""
"https://clinicabelba.com/fr/maman-relooking-barcelone/","0","","0","Indexable",""
"https://clinicabelba.com/fr/consultation-en-ligne/","0","","0","No indexable","noindex"
"https://clinicabelba.com/fr/reduction-dareole/","0","","0","Indexable",""
"https://clinicabelba.com/fr/abdominoplastie-barcelone/","0","","0","Indexable",""
"https://clinicabelba.com/fr/augmentation-mammaire-sans-alteration-de-laspect-naturel/","0","","0","Indexable",""
"https://clinicabelba.com/fr/lipo-vaser/","0","","0","Indexable",""
"https://clinicabelba.com/fr/lifting-de-cuisse/","0","","0","Indexable",""
"https://clinicabelba.com/fr/rhinoplastie-avant-et-apres/","0","","0","Indexable",""
"https://clinicabelba.com/fr/labioplastie/","0","","0","Indexable",""
"https://clinicabelba.com/fr/ginecomastia-barcelona/","0","","0","Indexable",""
"https://clinicabelba.com/fr/lifting-facial-barcelone/","0","","0","Indexable",""
"https://clinicabelba.com/fr/liposuccion-barcelone/","0","","0","Indexable",""
"https://clinicabelba.com/fr/otoplastie/","0","","0","Indexable",""
"https://clinicabelba.com/fr/reduction-mammaire/","0","","0","Indexable",""
"https://clinicabelba.com/fr/liposuccion-haute-definition/","0","","0","Indexable",""
"https://clinicabelba.com/fr/vaginoplastie/","0","","0","Indexable",""
"https://clinicabelba.com/fr/liposuccion-du-mont-de-venus/","0","","0","Indexable",""
"https://clinicabelba.com/fr/types-deaugmentation-mammaire/","0","","0","Indexable",""
"https://clinicabelba.com/fr/guide-du-patient/","0","","0","Indexable",""
"https://clinicabelba.com/fr/blog/","0","","0","Indexable",""
"https://clinicabelba.com/fr/abdominoplastie-avant-et-apres/","0","","0","Indexable",""
"https://clinicabelba.com/fr/augmentation-des-fessiers-barcelone/","0","","0","Indexable",""
"https://clinicabelba.com/fr/blepharoplastie-avant-et-apres/","0","","0","Indexable",""
"https://clinicabelba.com/fr/rinomodelacion-barcelona/","0","","0","Indexable",""
"https://clinicabelba.com/fr/patient-test/","0","","0","No indexable","noindex"
"https://clinicabelba.com/fr/blepharoplastie/","0","","0","Indexable",""
"https://clinicabelba.com/fr/remplacement-de-prothese/","0","","0","Indexable",""
"https://clinicabelba.com/fr/resection-costale/","0","","0","Indexable",""
"https://clinicabelba.com/fr/contact/","0","","0","Indexable",""
"https://clinicabelba.com/fr/rhinoplastie-barcelone/","0","","0","Indexable",""
"https://clinicabelba.com/fr/augmentation-mammaire-barcelone/","0","","0","Indexable",""
"https://clinicabelba.com/fr/chirurgie-corporelle/","0","","0","Indexable",""
"https://clinicabelba.com/fr/lipovaser-avant-et-apres/","0","","0","Indexable",""
"https://clinicabelba.com/fr/lobuloplastia-barcelona/","0","","0","Indexable",""
"https://clinicabelba.com/fr/politique-de-cookies/","0","","0","Indexable",""
"https://clinicabelba.com/fr/aviso-legal/","0","","0","Indexable",""
"https://clinicabelba.com/fr/chirurgie-faciale/","0","","0","No indexable","noindex"
"https://clinicabelba.com/fr/politique-de-confidentialite/","0","","0","Indexable",""
"https://clinicabelba.com/fr/qui-sommes-nous/","0","","0","Indexable",""
"https://clinicabelba.com/de/mutti-umstyling-barcelona/","0","","0","Indexable",""
"https://clinicabelba.com/fr/cirugia-intima/","0","","0","Indexable",""
"https://clinicabelba.com/abdominoplastia-o-liposuccion/","0","","0","Indexable",""
"https://clinicabelba.com/ru/мамочкин-макияж-барселона/","0","","0","Indexable",""
"https://clinicabelba.com/uk/мамине-оновлення-у-барселоні/","0","","0","Indexable",""
"https://clinicabelba.com/en/mommy-makeover-barcelona/","0","","0","Indexable",""
"https://clinicabelba.com/nl/mommy-makeover-barcelona/","0","","0","Indexable",""
"https://clinicabelba.com/it/mommy-makeover-barcellona/","0","","0","Indexable",""
"https://clinicabelba.com/ca/mommy-makeover-barcelona/","0","","0","Indexable",""
"https://clinicabelba.com/quitarse-costillas-flotantes-mito-o-realidad/","0","","0","Indexable",""
"https://clinicabelba.com/de/rippenrekonstruktion/","0","","0","Indexable",""
"https://clinicabelba.com/nl/ribreconstructie/","0","","0","Indexable",""
"https://clinicabelba.com/it/rimozione-costale/","0","","0","Indexable",""
"https://clinicabelba.com/en/rib-remodeling/","0","","0","Indexable",""
"https://clinicabelba.com/cintura-de-avispa-que-es-y-como-tenerla/","0","","0","Indexable",""
"https://clinicabelba.com/ru/ремоделирование-ребер/","0","","0","Indexable",""
"https://clinicabelba.com/ribxcar-vs-tecnica-tradicional-cual-es-mejor/","0","","0","Indexable",""
"https://clinicabelba.com/quitar-costillas-flotantes/","0","","0","Indexable",""
"https://clinicabelba.com/ca/remodelacio-costal/","0","","0","Indexable",""
"https://clinicabelba.com/uk/реконструкція-ребер/","0","","0","Indexable",""
"https://clinicabelba.com/de/minimale-narbe/","0","","0","Indexable",""
"https://clinicabelba.com/ca/cicatritz-minima/","0","","0","Indexable",""
"https://clinicabelba.com/en/minimal-scar/","0","","0","Indexable",""
"https://clinicabelba.com/nl/minimale-litteken/","0","","0","Indexable",""
"https://clinicabelba.com/ru/минимальный-шрам/","0","","0","Indexable",""
"https://clinicabelba.com/uk/мінімальний-рубець/","0","","0","Indexable",""
"https://clinicabelba.com/it/cicatrice-minima/","0","","0","Indexable",""
"https://clinicabelba.com/it/addominoplastica-barcellona/","0","","0","Indexable",""
"https://clinicabelba.com/uk/абдомінопластика-в-барселоні/","0","","0","Indexable",""
"https://clinicabelba.com/nl/buikwandcorrectie-barcelona/","0","","0","Indexable",""
"https://clinicabelba.com/en/tummy-tuck-barcelona/","0","","0","Indexable",""
"https://clinicabelba.com/de/bauchdeckenstraffung-barcelona/","0","","0","Indexable",""
"https://clinicabelba.com/ca/abdominoplastia-barcelona/","0","","0","Indexable",""
"https://clinicabelba.com/ru/абдоминопластика-барселона/","0","","0","Indexable",""
"https://clinicabelba.com/de/armheben/","0","","0","Indexable",""
"https://clinicabelba.com/uk/підтяжка-рук/","0","","0","Indexable",""
"https://clinicabelba.com/ru/жим-руками/","0","","0","Indexable",""
"https://clinicabelba.com/braquioplastia-o-liposuccion-de-brazos/","0","","0","Indexable",""
"https://clinicabelba.com/ca/elevacio-de-bracos/","0","","0","Indexable",""
"https://clinicabelba.com/nl/armen-heffen/","0","","0","Indexable",""
"https://clinicabelba.com/ru/политика-конфиденциальности/","0","","0","Indexable",""
"https://clinicabelba.com/it/sollevamento-delle-braccia/","0","","0","Indexable",""
"https://clinicabelba.com/nl/privacybeleid/","0","","0","Indexable",""
"https://clinicabelba.com/en/privacy-policy/","0","","0","Indexable",""
"https://clinicabelba.com/uk/політика-конфіденційності/","0","","0","Indexable",""
"https://clinicabelba.com/it/politica-di-privacy/","0","","0","Indexable",""
"https://clinicabelba.com/ca/politica-de-privadesa/","0","","0","Indexable",""
"https://clinicabelba.com/cuanto-duran-protesis-pecho/","0","","0","Indexable",""
"https://clinicabelba.com/de/datenschutzrichtlinie/","0","","0","Indexable",""
"https://clinicabelba.com/como-conseguir-aumento-pecho-natural-opciones-resultados/","0","","0","Indexable",""
"https://clinicabelba.com/it/aumento-seno-barcellona/","0","","0","Indexable",""
"https://clinicabelba.com/que-tamano-protesis-pecho-elegir-aumento-de-pecho/","0","","0","Indexable",""
"https://clinicabelba.com/de/brustvergroserung-barcelona/","0","","0","Indexable",""
"https://clinicabelba.com/en/breast-augmentation-barcelona/","0","","0","Indexable",""
"https://clinicabelba.com/protesis-motiva-ventajas-duracion-resultados/","0","","0","Indexable",""
"https://clinicabelba.com/uk/збільшення-грудей-у-барселоні/","0","","0","Indexable",""
"https://clinicabelba.com/recuperacion-aumento-pecho-tiempos-cuidados-evolucion/","0","","0","Indexable",""
"https://clinicabelba.com/cuando-hacer-ejercicio-despues-aumento-pecho/","0","","0","Indexable",""
"https://clinicabelba.com/ca/augment-de-pit-barcelona/","0","","0","Indexable",""
"https://clinicabelba.com/nl/borstvergroting-barcelona/","0","","0","Indexable",""
"https://clinicabelba.com/ru/увеличение-груди-барселона/","0","","0","Indexable",""
"https://clinicabelba.com/nl/biljartkeu-grens/","0","","0","Indexable",""
"https://clinicabelba.com/it/aumento-di-glutei-barcellona/","0","","0","Indexable",""
"https://clinicabelba.com/uk/збільшення-сідниць-у-барселоні/","0","","0","Indexable",""
"https://clinicabelba.com/ru/увеличение-яго/","0","","0","Indexable",""
"https://clinicabelba.com/ca/augment-de-glutis-barcelona/","0","","0","Indexable",""
"https://clinicabelba.com/de/gesasvergroserung-barcelona/","0","","0","Indexable",""
"https://clinicabelba.com/en/vaginoplasty/","0","","0","Indexable",""
"https://clinicabelba.com/uk/вагінопластика/","0","","0","Indexable",""
"https://clinicabelba.com/it/vaginoplastica/","0","","0","Indexable",""
"https://clinicabelba.com/nl/vaginoplastiek/","0","","0","Indexable",""
"https://clinicabelba.com/ru/вагинопластика/","0","","0","Indexable",""
"https://clinicabelba.com/de/vaginoplastik/","0","","0","Indexable",""
"https://clinicabelba.com/ca/vaginoplastia/","0","","0","Indexable",""
"https://clinicabelba.com/it/aumento-del-seno-preservato/","0","","0","Indexable",""
"https://clinicabelba.com/nl/borstvergroting-bewaren/","0","","0","Indexable",""
"https://clinicabelba.com/de/brustvergroserung-erhalten/","0","","0","Indexable",""
"https://clinicabelba.com/uk/збільшення-грудей-з-збереженням-форм/","0","","0","Indexable",""
"https://clinicabelba.com/ca/augment-de-pit-preserve/","0","","0","Indexable",""
"https://clinicabelba.com/ru/увеличить-грудь-сохранить/","0","","0","Indexable",""
"https://clinicabelba.com/en/breast-augmentation-preserve/","0","","0","Indexable",""
"https://clinicabelba.com/uk/блефаропластика-до-і-після/","0","","0","Indexable",""
"https://clinicabelba.com/it/blefaroplastica-prima-e-dopo/","0","","0","Indexable",""
"https://clinicabelba.com/nl/blefaroplastiek-voor-en-na/","0","","0","Indexable",""
"https://clinicabelba.com/ru/блефаропластика-до-и-после/","0","","0","Indexable",""
"https://clinicabelba.com/de/blepharoplastik-vorher-und-nachher/","0","","0","Indexable",""
"https://clinicabelba.com/ca/blefaroplastia-abans-i-despres/","0","","0","Indexable",""
"https://clinicabelba.com/drfelixchavarriacirugiaplastica/","0","","0","Indexable",""
"https://clinicabelba.com/nl/wie-zijn-wij/","0","","0","Indexable",""
"https://clinicabelba.com/ca/qui-som/","0","","0","Indexable",""
"https://clinicabelba.com/de/wer-wir-sind/","0","","0","Indexable",""
"https://clinicabelba.com/uk/про-нас/","0","","0","Indexable",""
"https://clinicabelba.com/it/chi-siamo/","0","","0","Indexable",""
"https://clinicabelba.com/drdewevercirugiaplastica/","0","","0","Indexable",""
"https://clinicabelba.com/ru/кто-мы/","0","","0","Indexable",""
"https://clinicabelba.com/en/who-are-we/","0","","0","Indexable",""
"https://clinicabelba.com/ca/lobuloplastia-barcelona/","0","","0","Indexable",""
"https://clinicabelba.com/ru/лобулопластика-барселона/","0","","0","Indexable",""
"https://clinicabelba.com/en/lobuloplasty-barcelona/","0","","0","Indexable",""
"https://clinicabelba.com/uk/лобулопластика-в-барселоні/","0","","0","Indexable",""
"https://clinicabelba.com/it/lobuloplastica-barcellona/","0","","0","Indexable",""
"https://clinicabelba.com/de/lobuloplastik-barcelona/","0","","0","Indexable",""
"https://clinicabelba.com/nl/lobuloplastiek-barcelona/","0","","0","Indexable",""
"https://clinicabelba.com/en/cookie-policy/","0","","0","Indexable",""
"https://clinicabelba.com/uk/політика-щодо-файлів-cookie/","0","","0","Indexable",""
"https://clinicabelba.com/ru/политика-использования-файлов-cookie/","0","","0","Indexable",""
"https://clinicabelba.com/it/politica-dei-cookie/","0","","0","Indexable",""
"https://clinicabelba.com/nl/cookiebeleid/","0","","0","Indexable",""
"https://clinicabelba.com/de/cookie-richtlinie/","0","","0","Indexable",""
"https://clinicabelba.com/ca/politica-de-cookies/","0","","0","Indexable",""
"https://clinicabelba.com/de/plastische-chirurgen-barcelona/","0","","0","Indexable",""
"https://clinicabelba.com/de/fettabsaugung-am-venushugel/","0","","0","Indexable",""
"https://clinicabelba.com/de/rhinoplastik-barcelona/","0","","0","Indexable",""
"https://clinicabelba.com/de/bruststraffung/","0","","0","Indexable",""
"https://clinicabelba.com/de/kontakt/","0","","0","Indexable",""
"https://clinicabelba.com/de/patientenleitfaden/","0","","0","Indexable",""
"https://clinicabelba.com/de/intimchirurgie/","0","","0","Indexable",""
"https://clinicabelba.com/de/bauchdeckenstraffung-vorher-und-nachher/","0","","0","Indexable",""
"https://clinicabelba.com/de/ginekomastie-barcelona/","0","","0","Indexable",""
"https://clinicabelba.com/de/korperchirurgie/","0","","0","Indexable",""
"https://clinicabelba.com/de/patiententest/","0","","0","No indexable","noindex"
"https://clinicabelba.com/de/blepharoplastik/","0","","0","Indexable",""
"https://clinicabelba.com/de/brustvergroserungstechnik/","0","","0","Indexable",""
"https://clinicabelba.com/de/oberschenkelstraffung/","0","","0","Indexable",""
"https://clinicabelba.com/de/hochdefinitions-fettabsaugung/","0","","0","Indexable",""
"https://clinicabelba.com/de/mentoplastik-barcelona/","0","","0","Indexable",""
"https://clinicabelba.com/de/impressum/","0","","0","Indexable",""
"https://clinicabelba.com/de/rinomodellierung-barcelona/","0","","0","Indexable",""
"https://clinicabelba.com/de/online-beratung/","0","","0","No indexable","noindex"
"https://clinicabelba.com/de/brustverkleinerung/","0","","0","Indexable",""
"https://clinicabelba.com/de/blog/","0","","0","Indexable",""
"https://clinicabelba.com/de/brustwarzenhofverkleinerung/","0","","0","Indexable",""
"https://clinicabelba.com/de/gesichtsoperation/","0","","0","No indexable","noindex"
"https://clinicabelba.com/de/gesichtsstraffung-barcelona/","0","","0","Indexable",""
"https://clinicabelba.com/de/lippenkorrektur/","0","","0","Indexable",""
"https://clinicabelba.com/de/prothesenersatz/","0","","0","Indexable",""
"https://clinicabelba.com/de/ginekomastie-vorher-und-nachher/","0","","0","Indexable",""
"https://clinicabelba.com/de/lipovaser-davor-und-danach/","0","","0","Indexable",""
"https://clinicabelba.com/de/brustoperation/","0","","0","Indexable",""
"https://clinicabelba.com/de/rhinoplastik-davor-und-danach/","0","","0","Indexable",""
"https://clinicabelba.com/de/fettabsaugung-barcelona/","0","","0","Indexable",""
"https://clinicabelba.com/de/arten-von-brustvergroserungen/","0","","0","Indexable",""
"https://clinicabelba.com/de/lipo-vaser/","0","","0","Indexable",""
"https://clinicabelba.com/de/ohrenkorrektur/","0","","0","Indexable",""
"https://clinicabelba.com/ca/blefaroplastia/","0","","0","Indexable",""
"https://clinicabelba.com/ru/блефаропластика/","0","","0","Indexable",""
"https://clinicabelba.com/nl/blefaroplastiek/","0","","0","Indexable",""
"https://clinicabelba.com/uk/блефаропластика/","0","","0","Indexable",""
"https://clinicabelba.com/en/blepharoplasty/","0","","0","Indexable",""
"https://clinicabelba.com/it/blefaroplastica/","0","","0","Indexable",""
"https://clinicabelba.com/nl/rinoplastiek-barcelona/","0","","0","Indexable",""
"https://clinicabelba.com/it/rinoplastica-barcellona/","0","","0","Indexable",""
"https://clinicabelba.com/en/rhinoplasty-barcelona/","0","","0","Indexable",""
"https://clinicabelba.com/ru/ринопластика-барселона/","0","","0","Indexable",""
"https://clinicabelba.com/ca/rinoplastia-barcelona/","0","","0","Indexable",""
"https://clinicabelba.com/uk/ринопластика-в-барселоні/","0","","0","Indexable",""
"https://clinicabelba.com/ca/ginecomastia-barcelona/","0","","0","Indexable",""
"https://clinicabelba.com/uk/гінекомастія-в-барселоні/","0","","0","Indexable",""
"https://clinicabelba.com/it/ginecomastia-barcellona/","0","","0","Indexable",""
"https://clinicabelba.com/ru/гинекомастия-барселона/","0","","0","Indexable",""
"https://clinicabelba.com/nl/gynecomastie-barcelona/","0","","0","Indexable",""
"https://clinicabelba.com/en/breast-surgery/","0","","0","Indexable",""
"https://clinicabelba.com/en/thigh-lift/","0","","0","Indexable",""
"https://clinicabelba.com/en/rhinoplasty-before-and-after/","0","","0","Indexable",""
"https://clinicabelba.com/en/breast-lift/","0","","0","Indexable",""
"https://clinicabelba.com/en/online-consultation/","0","","0","No indexable","noindex"
"https://clinicabelba.com/en/body-surgery/","0","","0","Indexable",""
"https://clinicabelba.com/en/breast-augmentation-brst-technique/","0","","0","Indexable",""
"https://clinicabelba.com/en/labiaplasty/","0","","0","Indexable",""
"https://clinicabelba.com/en/lipolaser-before-and-after/","0","","0","Indexable",""
"https://clinicabelba.com/en/abdominoplasty-before-and-after/","0","","0","Indexable",""
"https://clinicabelba.com/en/patient-guide/","0","","0","Indexable",""
"https://clinicabelba.com/en/facelift-barcelona/","0","","0","Indexable",""
"https://clinicabelba.com/en/intimate-surgery/","0","","0","Indexable",""
"https://clinicabelba.com/en/mons-pubis-liposuction/","0","","0","Indexable",""
"https://clinicabelba.com/en/facial-surgery/","0","","0","No indexable","noindex"
"https://clinicabelba.com/en/legal-notice/","0","","0","Indexable",""
"https://clinicabelba.com/en/prosthesis-replacement/","0","","0","Indexable",""
"https://clinicabelba.com/en/test-patient/","0","","0","No indexable","noindex"
"https://clinicabelba.com/en/vaser-liposuction/","0","","0","Indexable",""
"https://clinicabelba.com/en/plastic-surgeons-barcelona/","0","","0","Indexable",""
"https://clinicabelba.com/en/gynecomastia-before-and-after/","0","","0","Indexable",""
"https://clinicabelba.com/en/breast-augmentation-types/","0","","0","Indexable",""
"https://clinicabelba.com/en/areola-reduction/","0","","0","Indexable",""
"https://clinicabelba.com/en/contact/","0","","0","Indexable",""
"https://clinicabelba.com/en/otoplasty/","0","","0","Indexable",""
"https://clinicabelba.com/en/blog/","0","","0","Indexable",""
"https://clinicabelba.com/en/liposuction-barcelona/","0","","0","Indexable",""
"https://clinicabelba.com/en/high-definition-liposuction/","0","","0","Indexable",""
"https://clinicabelba.com/en/mentoplasty-barcelona/","0","","0","Indexable",""
"https://clinicabelba.com/en/rhinomodeling-barcelona/","0","","0","Indexable",""
"https://clinicabelba.com/en/breast-reduction/","0","","0","Indexable",""
"https://clinicabelba.com/ca/reduccio-dareola/","0","","0","Indexable",""
"https://clinicabelba.com/it/riduzione-dellareola/","0","","0","Indexable",""
"https://clinicabelba.com/uk/зменшення-ареоли/","0","","0","Indexable",""
"https://clinicabelba.com/ru/редукция-ареолы/","0","","0","Indexable",""
"https://clinicabelba.com/nl/reductie-van-de-areola/","0","","0","Indexable",""
"https://clinicabelba.com/ca/liposuccio-dalta-definicio/","0","","0","Indexable",""
"https://clinicabelba.com/it/lipoaspirazione-ad-alta-definizione/","0","","0","Indexable",""
"https://clinicabelba.com/ru/липосакция-высокой-четкости/","0","","0","Indexable",""
"https://clinicabelba.com/nl/high-definition-liposuctie/","0","","0","Indexable",""
"https://clinicabelba.com/uk/ліпосакція-високої-чіткості/","0","","0","Indexable",""
"https://clinicabelba.com/it/lipo-vaser/","0","","0","Indexable",""
"https://clinicabelba.com/ca/lipo-vaser/","0","","0","Indexable",""
"https://clinicabelba.com/ru/липо-вазер/","0","","0","Indexable",""
"https://clinicabelba.com/uk/ліпо-вазер/","0","","0","Indexable",""
"https://clinicabelba.com/nl/lipo-vaser/","0","","0","Indexable",""
"https://clinicabelba.com/it/contatto/","0","","0","Indexable",""
"https://clinicabelba.com/nl/contact/","0","","0","Indexable",""
"https://clinicabelba.com/ru/контакто/","0","","0","Indexable",""
"https://clinicabelba.com/ca/contacte/","0","","0","Indexable",""
"https://clinicabelba.com/uk/контакт/","0","","0","Indexable",""
"https://clinicabelba.com/nl/borstoperatie/","0","","0","Indexable",""
"https://clinicabelba.com/ru/маммопластика/","0","","0","Indexable",""
"https://clinicabelba.com/it/chirurgia-mammaria/","0","","0","Indexable",""
"https://clinicabelba.com/ca/cirurgia-de-mama/","0","","0","Indexable",""
"https://clinicabelba.com/uk/хірургія-молочної-залози/","0","","0","Indexable",""
"https://clinicabelba.com/ca/bloc/","0","","0","Indexable",""
"https://clinicabelba.com/ca/guia-del-pacient/","0","","0","Indexable",""
"https://clinicabelba.com/ca/lifting-facial-barcelona/","0","","0","Indexable",""
"https://clinicabelba.com/ca/rinomodelacio-barcelona/","0","","0","Indexable",""
"https://clinicabelba.com/ca/cirurgians-plastics-barcelona/","0","","0","Indexable",""
"https://clinicabelba.com/ca/tipus-daugment-de-pit/","0","","0","Indexable",""
"https://clinicabelba.com/ca/reduccio-de-mama/","0","","0","Indexable",""
"https://clinicabelba.com/ca/cirugia-corporal/","0","","0","Indexable",""
"https://clinicabelba.com/ca/lipovaser-abans-i-despres/","0","","0","Indexable",""
"https://clinicabelba.com/ca/augment-de-pit-tecnica-brst/","0","","0","Indexable",""
"https://clinicabelba.com/ca/labioplastia/","0","","0","Indexable",""
"https://clinicabelba.com/ca/abdominoplastia-abans-i-despres/","0","","0","Indexable",""
"https://clinicabelba.com/ca/elevacio-de-mama/","0","","0","Indexable",""
"https://clinicabelba.com/ca/rinoplastia-abans-i-despres/","0","","0","Indexable",""
"https://clinicabelba.com/ca/recanvi-de-protesi/","0","","0","Indexable",""
"https://clinicabelba.com/ca/prova-pacient/","0","","0","No indexable","noindex"
"https://clinicabelba.com/ca/cirurgia-facial/","0","","0","No indexable","noindex"
"https://clinicabelba.com/ca/ginecomastia-abans-i-despres/","0","","0","Indexable",""
"https://clinicabelba.com/ca/consulta-en-linia/","0","","0","No indexable","noindex"
"https://clinicabelba.com/ca/mentoplastia-barcelona/","0","","0","Indexable",""
"https://clinicabelba.com/ca/cirurgia-intima/","0","","0","Indexable",""
"https://clinicabelba.com/ca/liposuccio-barcelona/","0","","0","Indexable",""
"https://clinicabelba.com/ca/otoplastia/","0","","0","Indexable",""
"https://clinicabelba.com/ca/avis-legal/","0","","0","Indexable",""
"https://clinicabelba.com/ca/liposuccio-del-mont-de-venus/","0","","0","Indexable",""
"https://clinicabelba.com/ca/elevacio-de-cuixes/","0","","0","Indexable",""
"https://clinicabelba.com/uk/ринопластика-до-і-після/","0","","0","Indexable",""
"https://clinicabelba.com/it/rinoplastica-prima-e-dopo/","0","","0","Indexable",""
"https://clinicabelba.com/nl/rinoplastiek-voor-en-na/","0","","0","Indexable",""
"https://clinicabelba.com/ru/ринопластика-до-и-после/","0","","0","Indexable",""
"https://clinicabelba.com/it/liposuzione-del-monte-di-venere/","0","","0","Indexable",""
"https://clinicabelba.com/it/riduzione-mammaria/","0","","0","Indexable",""
"https://clinicabelba.com/it/ginecomastia-prima-e-dopo/","0","","0","Indexable",""
"https://clinicabelba.com/it/lipovaser-prima-e-dopo/","0","","0","Indexable",""
"https://clinicabelba.com/it/chirurghi-plastici-barcellona/","0","","0","Indexable",""
"https://clinicabelba.com/it/mastoplastica-additiva-tecnica-b-r-s-t/","0","","0","Indexable",""
"https://clinicabelba.com/it/guida-del-paziente/","0","","0","Indexable",""
"https://clinicabelba.com/it/liposuzione-barcellona/","0","","0","Indexable",""
"https://clinicabelba.com/it/chirurgia-del-corpo/","0","","0","Indexable",""
"https://clinicabelba.com/it/chirurgia-intima/","0","","0","Indexable",""
"https://clinicabelba.com/it/chirurgia-facciale/","0","","0","No indexable","noindex"
"https://clinicabelba.com/it/lifting-delle-cosce/","0","","0","Indexable",""
"https://clinicabelba.com/it/blog/","0","","0","Indexable",""
"https://clinicabelba.com/it/consultazione-online/","0","","0","No indexable","noindex"
"https://clinicabelba.com/it/mentoplastica-barcellona/","0","","0","Indexable",""
"https://clinicabelba.com/it/mastopessi/","0","","0","Indexable",""
"https://clinicabelba.com/it/otoplastica/","0","","0","Indexable",""
"https://clinicabelba.com/it/ricambio-di-protesi/","0","","0","Indexable",""
"https://clinicabelba.com/it/lifting-facciale-barcellona/","0","","0","Indexable",""
"https://clinicabelba.com/it/addominoplastica-prima-e-dopo/","0","","0","Indexable",""
"https://clinicabelba.com/it/rinoplastica-a-barcellona/","0","","0","Indexable",""
"https://clinicabelba.com/it/avviso-legale/","0","","0","Indexable",""
"https://clinicabelba.com/it/tipi-di-aumento-del-seno/","0","","0","Indexable",""
"https://clinicabelba.com/it/paziente-di-prova/","0","","0","No indexable","noindex"
"https://clinicabelba.com/it/labioplastica/","0","","0","Indexable",""
"https://clinicabelba.com/ru/риномоделирование-барселона/","0","","0","Indexable",""
"https://clinicabelba.com/nl/rinomodelacion-barcelona/","0","","0","Indexable",""
"https://clinicabelba.com/uk/ринопластика-в-барселоні-2/","0","","0","Indexable",""
"https://clinicabelba.com/nl/patienten-gids/","0","","0","Indexable",""
"https://clinicabelba.com/uk/посібник-для-пацієнта/","0","","0","Indexable",""
"https://clinicabelba.com/ru/памятка-для-пациента/","0","","0","Indexable",""
"https://clinicabelba.com/nl/borstvergroting-techniek-brst/","0","","0","Indexable",""
"https://clinicabelba.com/uk/збільшення-грудей-за-допомогою-техні/","0","","0","Indexable",""
"https://clinicabelba.com/ru/увеличить-грудь-техника-brst/","0","","0","Indexable",""
"https://clinicabelba.com/uk/пластичні-хірурги-в-барселоні/","0","","0","Indexable",""
"https://clinicabelba.com/nl/plastisch-chirurgen-barcelona/","0","","0","Indexable",""
"https://clinicabelba.com/nl/mentoplastiek-barcelona/","0","","0","Indexable",""
"https://clinicabelba.com/ru/пластические-хирурги-барселона/","0","","0","Indexable",""
"https://clinicabelba.com/uk/ментопластика-в-барселоні/","0","","0","Indexable",""
"https://clinicabelba.com/ru/ментопластика-барселона/","0","","0","Indexable",""
"https://clinicabelba.com/primera-consulta-cirugia-estetica/","0","","0","Indexable",""
"https://clinicabelba.com/nl/lichaamschirurgie/","0","","0","Indexable",""
"https://clinicabelba.com/ru/пластическая-хирургия/","0","","0","Indexable",""
"https://clinicabelba.com/como-eliminar-grasa-abdominal/","0","","0","Indexable",""
"https://clinicabelba.com/uk/хірургія-тіла/","0","","0","Indexable",""
"https://clinicabelba.com/nl/ginecomastie-voor-en-na/","0","","0","Indexable",""
"https://clinicabelba.com/uk/гінекомастія-до-і-після/","0","","0","Indexable",""
"https://clinicabelba.com/ru/гинекомастия-до-и-после/","0","","0","Indexable",""
"https://clinicabelba.com/nl/lifting-van-de-dijen/","0","","0","Indexable",""
"https://clinicabelba.com/ru/подтяжка-бедер/","0","","0","Indexable",""
"https://clinicabelba.com/uk/підтяжка-стегон/","0","","0","Indexable",""
"https://clinicabelba.com/nl/gezichtsbehandeling-barcelona/","0","","0","Indexable",""
"https://clinicabelba.com/ru/лифтинг-лица-барселона/","0","","0","Indexable",""
"https://clinicabelba.com/uk/підтяжка-обличчя-в-барселоні/","0","","0","Indexable",""
"https://clinicabelba.com/nl/borstverkleining/","0","","0","Indexable",""
"https://clinicabelba.com/ru/редукция-груди/","0","","0","Indexable",""
"https://clinicabelba.com/uk/зменшення-грудей/","0","","0","Indexable",""
"https://clinicabelba.com/ru/липосакция-барселона/","0","","0","Indexable",""
"https://clinicabelba.com/nl/liposuctie-barcelona/","0","","0","Indexable",""
"https://clinicabelba.com/blog/2/","0","","0","No indexable","Canonicalizada"
"https://clinicabelba.com/blog/10/","0","","0","No indexable","Canonicalizada"
"https://clinicabelba.com/blog/4/","0","","0","No indexable","Canonicalizada"
"https://clinicabelba.com/uk/ліпосакція-в-барселоні/","0","","0","Indexable",""
"https://clinicabelba.com/blog/3/","0","","0","No indexable","Canonicalizada"
"https://clinicabelba.com/blog/6/","0","","0","No indexable","Canonicalizada"
"https://clinicabelba.com/pezones-invertidos-correccion/","0","","0","Indexable",""
"https://clinicabelba.com/lipovaser-que-es/","0","","0","Indexable",""
"https://clinicabelba.com/blog/5/","0","","0","No indexable","Canonicalizada"
"https://clinicabelba.com/blog/8/","0","","0","No indexable","Canonicalizada"
"https://clinicabelba.com/blog/7/","0","","0","No indexable","Canonicalizada"
"https://clinicabelba.com/cicatriz-cesarea-correccion/","0","","0","Indexable",""
"https://clinicabelba.com/blog/9/","0","","0","No indexable","Canonicalizada"
"https://clinicabelba.com/test-post-2193c672-50fa-4ac0-84bf-874e83e57613-c19602556d950424/","0","","0","Indexable",""
"https://clinicabelba.com/asimetria-mamaria-cuando-operar/","0","","0","Indexable",""
"https://clinicabelba.com/blefaroplastia-sin-cirugia/","0","","0","Indexable",""
"https://clinicabelba.com/fr/drdeweverplasticsurgery/","0","","0","Indexable",""
"https://clinicabelba.com/fr/blog/2/","0","","0","No indexable","Canonicalizada"
"https://clinicabelba.com/fr/blog/3/","0","","0","No indexable","Canonicalizada"
"https://clinicabelba.com/fr/blog/4/","0","","0","No indexable","Canonicalizada"
"https://clinicabelba.com/fr/blog/5/","0","","0","No indexable","Canonicalizada"
"https://clinicabelba.com/fr/asimetria-mamaria-cuando-operar/","0","","0","Indexable",""
"https://clinicabelba.com/fr/test-post-2193c672-50fa-4ac0-84bf-874e83e57613-c19602556d950424/","0","","0","Indexable",""
"https://clinicabelba.com/fr/blog/6/","0","","0","No indexable","Canonicalizada"
"https://clinicabelba.com/fr/blog/7/","0","","0","No indexable","Canonicalizada"
"https://clinicabelba.com/fr/lipovaser-que-es/","0","","0","Indexable",""
"https://clinicabelba.com/fr/blepharoplastie-sans-chirurgie/","0","","0","Indexable",""
"https://clinicabelba.com/fr/blog/10/","0","","0","No indexable","Canonicalizada"
"https://clinicabelba.com/fr/pezones-invertidos-correccion/","0","","0","Indexable",""
"https://clinicabelba.com/fr/cicatriz-cesarea-correccion/","0","","0","Indexable",""
"https://clinicabelba.com/fr/blog/8/","0","","0","No indexable","Canonicalizada"
"https://clinicabelba.com/fr/blog/9/","0","","0","No indexable","Canonicalizada"
"https://clinicabelba.com/precio-liposuccion-espana/","0","","0","Indexable",""
"https://clinicabelba.com/author/webbelba/","0","","0","Indexable",""
"https://clinicabelba.com/ca/drfelixchavarriacirugiaplastica/","0","","0","Indexable",""
"https://clinicabelba.com/en/drfelixchavarriacirugiaplastica/","0","","0","Indexable",""
"https://clinicabelba.com/ru/дрфеликсчаварриацируджиапластика/","0","","0","Indexable",""
"https://clinicabelba.com/it/dr-felix-chavarria-chirurgia-plastica/","0","","0","Indexable",""
"https://clinicabelba.com/uk/drfelixchavarriacirugiaplastica/","0","","0","Indexable",""
"https://clinicabelba.com/nl/drfelixchavarriacirugiaplastica/","0","","0","Indexable",""
"https://clinicabelba.com/de/dr-felix-chavarria-plastische-chirurgie/","0","","0","Indexable",""
"https://clinicabelba.com/ca/drdewevercirugiaplastica/","0","","0","Indexable",""
"https://clinicabelba.com/nl/drdeweverplastischechirurgie/","0","","0","Indexable",""
"https://clinicabelba.com/de/dr-dewever-plastische-chirurgie/","0","","0","Indexable",""
"https://clinicabelba.com/uk/drdeweverпластичнахірургія/","0","","0","Indexable",""
"https://clinicabelba.com/it/drdeweverchirurgiaplastica/","0","","0","Indexable",""
"https://clinicabelba.com/en/drdewevercosmeticsurgery/","0","","0","Indexable",""
"https://clinicabelba.com/ru/ждрдеверхирургияпластическая/","0","","0","Indexable",""
"https://clinicabelba.com/de/blog/2/","0","","0","No indexable","Canonicalizada"
"https://clinicabelba.com/de/asimetria-mamaria-cuando-operar/","0","","0","Indexable",""
"https://clinicabelba.com/de/blog/3/","0","","0","No indexable","Canonicalizada"
"https://clinicabelba.com/de/blog/4/","0","","0","No indexable","Canonicalizada"
"https://clinicabelba.com/de/cicatriz-cesarea-correccion/","0","","0","Indexable",""
"https://clinicabelba.com/de/blog/9/","0","","0","No indexable","Canonicalizada"
"https://clinicabelba.com/de/blog/6/","0","","0","No indexable","Canonicalizada"
"https://clinicabelba.com/de/lipovaser-was-ist/","0","","0","Indexable",""
"https://clinicabelba.com/de/pezones-invertidos-correccion/","0","","0","Indexable",""
"https://clinicabelba.com/de/blog/10/","0","","0","No indexable","Canonicalizada"
"https://clinicabelba.com/de/blog/5/","0","","0","No indexable","Canonicalizada"
"https://clinicabelba.com/de/blog/7/","0","","0","No indexable","Canonicalizada"
"https://clinicabelba.com/de/test-post-2193c672-50fa-4ac0-84bf-874e83e57613-c19602556d950424/","0","","0","Indexable",""
"https://clinicabelba.com/de/blog/8/","0","","0","No indexable","Canonicalizada"
"https://clinicabelba.com/de/blepharoplastik-ohne-operation/","0","","0","Indexable",""
"https://clinicabelba.com/en/test-post-2193c672-50fa-4ac0-84bf-874e83e57613-c19602556d950424/","0","","0","Indexable",""
"https://clinicabelba.com/en/cicatriz-cesarea-correccion/","0","","0","Indexable",""
"https://clinicabelba.com/en/asimetria-mamaria-cuando-operar/","0","","0","Indexable",""
"https://clinicabelba.com/en/non-surgical-blepharoplasty/","0","","0","Indexable",""
"https://clinicabelba.com/en/pezones-invertidos-correccion/","0","","0","Indexable",""
"https://clinicabelba.com/en/blog/4/","0","","0","No indexable","Canonicalizada"
"https://clinicabelba.com/en/blog/3/","0","","0","No indexable","Canonicalizada"
"https://clinicabelba.com/en/blog/2/","0","","0","No indexable","Canonicalizada"
"https://clinicabelba.com/en/blog/8/","0","","0","No indexable","Canonicalizada"
"https://clinicabelba.com/en/blog/7/","0","","0","No indexable","Canonicalizada"
"https://clinicabelba.com/en/blog/6/","0","","0","No indexable","Canonicalizada"
"https://clinicabelba.com/en/blog/5/","0","","0","No indexable","Canonicalizada"
"https://clinicabelba.com/en/blog/10/","0","","0","No indexable","Canonicalizada"
"https://clinicabelba.com/en/blog/9/","0","","0","No indexable","Canonicalizada"
"https://clinicabelba.com/en/lipovaser-what-is-it/","0","","0","Indexable",""
"https://clinicabelba.com/ca/bloc/2/","0","","0","No indexable","Canonicalizada"
"https://clinicabelba.com/ca/bloc/4/","0","","0","No indexable","Canonicalizada"
"https://clinicabelba.com/ca/bloc/5/","0","","0","No indexable","Canonicalizada"
"https://clinicabelba.com/ca/bloc/3/","0","","0","No indexable","Canonicalizada"
"https://clinicabelba.com/ca/test-post-2193c672-50fa-4ac0-84bf-874e83e57613-c19602556d950424/","0","","0","Indexable",""
"https://clinicabelba.com/ca/bloc/8/","0","","0","No indexable","Canonicalizada"
"https://clinicabelba.com/ca/bloc/9/","0","","0","No indexable","Canonicalizada"
"https://clinicabelba.com/ca/bloc/6/","0","","0","No indexable","Canonicalizada"
"https://clinicabelba.com/ca/asimetria-mamaria-cuando-operar/","0","","0","Indexable",""
"https://clinicabelba.com/ca/pezones-invertidos-correccion/","0","","0","Indexable",""
"https://clinicabelba.com/ca/bloc/7/","0","","0","No indexable","Canonicalizada"
"https://clinicabelba.com/ca/bloc/10/","0","","0","No indexable","Canonicalizada"
"https://clinicabelba.com/ca/cicatriz-cesarea-correccion/","0","","0","Indexable",""
"https://clinicabelba.com/ca/lipovaser-que-es/","0","","0","Indexable",""
"https://clinicabelba.com/ca/blefaroplastia-sense-cirurgia/","0","","0","Indexable",""
"https://clinicabelba.com/mama-tuberosa-grados-cirugia/","0","","0","Indexable",""
"https://clinicabelba.com/lipovaser-vs-liposuccion/","0","","0","Indexable",""
"https://clinicabelba.com/rinoplastia-hombre-antes-y-despues-mejorado/","0","","0","Indexable",""
"https://clinicabelba.com/labios-vaginales/","0","","0","Indexable",""
"https://clinicabelba.com/recuperacion-rinoplastia-semana-a-semana/","0","","0","Indexable",""
"https://clinicabelba.com/diastasis-abdominal-es-peligroso/","0","","0","Indexable",""
"https://clinicabelba.com/recuperacion-liposuccion-semana-a-semana/","0","","0","Indexable",""
"https://clinicabelba.com/rinoplastia-hombre-antes-y-despues/","0","","0","Indexable",""
"https://clinicabelba.com/hipertrofia-labios-menores/","0","","0","Indexable",""
"https://clinicabelba.com/bbl-hialuronico-o-protesis-gluteo-cual-elegir/","0","","0","Indexable",""
"https://clinicabelba.com/cuanto-dura-una-blefaroplastia/","0","","0","Indexable",""
"https://clinicabelba.com/merece-la-pena-operarse-el-pecho/","0","","0","Indexable",""
"https://clinicabelba.com/que-es-bichectomia/","0","","0","Indexable",""
"https://clinicabelba.com/lifting-denise-richards/","0","","0","Indexable",""
"https://clinicabelba.com/aumento-hibrido-vs-implantes/","0","","0","Indexable",""
"https://clinicabelba.com/aumento-pecho-150cc/","0","","0","Indexable",""
"https://clinicabelba.com/abdominoplastia-recuperacion/","0","","0","Indexable",""
"https://clinicabelba.com/aumento-pecho-barcelona-elegir-cirujano/","0","","0","Indexable",""
"https://clinicabelba.com/que-es-un-bbl-brazilian-butt-lift/","0","","0","Indexable",""
"https://clinicabelba.com/postoperatorio-lifting-facial-semana-a-semana/","0","","0","Indexable",""
"https://clinicabelba.com/rinomodelacion-cuanto-dura/","0","","0","Indexable",""
"https://clinicabelba.com/precio-abdominoplastia/","0","","0","Indexable",""
"https://clinicabelba.com/mejor-edad-para-aumento-pecho/","0","","0","Indexable",""
"https://clinicabelba.com/precio-blefaroplastia/","0","","0","Indexable",""
"https://clinicabelba.com/recuperacion-blefaroplastia/","0","","0","Indexable",""
"https://clinicabelba.com/tipos-lifting-facial-corporal/","0","","0","Indexable",""
"https://clinicabelba.com/precio-aumento-pecho-barcelona/","0","","0","Indexable",""
"https://clinicabelba.com/tipos-protesis-pecho-redondas-anatomicas/","0","","0","Indexable",""
"https://clinicabelba.com/cuanto-vale-aumento-pecho-espana/","0","","0","Indexable",""
"https://clinicabelba.com/nl/blog/10/","0","","0","No indexable","Canonicalizada"
"https://clinicabelba.com/nl/test-post-2193c672-50fa-4ac0-84bf-874e83e57613-c19602556d950424/","0","","0","Indexable",""
"https://clinicabelba.com/nl/pezones-invertidos-correccion/","0","","0","Indexable",""
"https://clinicabelba.com/nl/blog/8/","0","","0","No indexable","Canonicalizada"
"https://clinicabelba.com/nl/blog/9/","0","","0","No indexable","Canonicalizada"
"https://clinicabelba.com/nl/blog/6/","0","","0","No indexable","Canonicalizada"
"https://clinicabelba.com/nl/blog/5/","0","","0","No indexable","Canonicalizada"
"https://clinicabelba.com/nl/blog/7/","0","","0","No indexable","Canonicalizada"
"https://clinicabelba.com/nl/blog/4/","0","","0","No indexable","Canonicalizada"
"https://clinicabelba.com/nl/blog/3/","0","","0","No indexable","Canonicalizada"
"https://clinicabelba.com/nl/blog/2/","0","","0","No indexable","Canonicalizada"
"https://clinicabelba.com/nl/cicatriz-cesarea-correccion/","0","","0","Indexable",""
"https://clinicabelba.com/nl/blefaroplastiek-zonder-chirurgie/","0","","0","Indexable",""
"https://clinicabelba.com/nl/lipovaser-wat-is-dat/","0","","0","Indexable",""
"https://clinicabelba.com/nl/asimetria-mamaria-cuando-operar/","0","","0","Indexable",""
"https://clinicabelba.com/como-elegir-cirujano-plastico/","0","","0","Indexable",""
"https://clinicabelba.com/labios-vaginales-que-son-tipos-cuidados-y-cuando-consultar/","0","","0","Indexable",""
"https://clinicabelba.com/uk/блог/9/","0","","0","No indexable","Canonicalizada"
"https://clinicabelba.com/uk/що-таке-lipovaser/","0","","0","Indexable",""
"https://clinicabelba.com/uk/блог/3/","0","","0","No indexable","Canonicalizada"
"https://clinicabelba.com/uk/блог/4/","0","","0","No indexable","Canonicalizada"
"https://clinicabelba.com/uk/блог/2/","0","","0","No indexable","Canonicalizada"
"https://clinicabelba.com/uk/блог/7/","0","","0","No indexable","Canonicalizada"
"https://clinicabelba.com/uk/блог/8/","0","","0","No indexable","Canonicalizada"
"https://clinicabelba.com/uk/asimetria-mamaria-cuando-operar/","0","","0","Indexable",""
"https://clinicabelba.com/uk/блог/6/","0","","0","No indexable","Canonicalizada"
"https://clinicabelba.com/uk/блог/5/","0","","0","No indexable","Canonicalizada"
"https://clinicabelba.com/uk/блог/10/","0","","0","No indexable","Canonicalizada"
"https://clinicabelba.com/uk/cicatriz-cesarea-correccion/","0","","0","Indexable",""
"https://clinicabelba.com/uk/pezones-invertidos-correccion/","0","","0","Indexable",""
"https://clinicabelba.com/uk/test-post-2193c672-50fa-4ac0-84bf-874e83e57613-c19602556d950424/","0","","0","Indexable",""
"https://clinicabelba.com/uk/блефаропластика-без-хірургічного-вт/","0","","0","Indexable",""
"https://clinicabelba.com/ru/блог/3/","0","","0","No indexable","Canonicalizada"
"https://clinicabelba.com/ru/cicatriz-cesarea-correccion/","0","","0","Indexable",""
"https://clinicabelba.com/ru/блог/2/","0","","0","No indexable","Canonicalizada"
"https://clinicabelba.com/ru/блог/5/","0","","0","No indexable","Canonicalizada"
"https://clinicabelba.com/ru/asimetria-mamaria-cuando-operar/","0","","0","Indexable",""
"https://clinicabelba.com/ru/блог/4/","0","","0","No indexable","Canonicalizada"
"https://clinicabelba.com/ru/блог/10/","0","","0","No indexable","Canonicalizada"
"https://clinicabelba.com/ru/блог/7/","0","","0","No indexable","Canonicalizada"
"https://clinicabelba.com/ru/блог/6/","0","","0","No indexable","Canonicalizada"
"https://clinicabelba.com/ru/test-post-2193c672-50fa-4ac0-84bf-874e83e57613-c19602556d950424/","0","","0","Indexable",""
"https://clinicabelba.com/ru/блог/9/","0","","0","No indexable","Canonicalizada"
"https://clinicabelba.com/ru/блог/8/","0","","0","No indexable","Canonicalizada"
"https://clinicabelba.com/ru/липосер-что-это/","0","","0","Indexable",""
"https://clinicabelba.com/ru/блефаропластика-без-хирургического/","0","","0","Indexable",""
"https://clinicabelba.com/ru/pezones-invertidos-correccion/","0","","0","Indexable",""
"https://clinicabelba.com/fr/drfelixchavarriacirugiaplastica/","0","","0","Indexable",""
"https://clinicabelba.com/it/blog/2/","0","","0","No indexable","Canonicalizada"
"https://clinicabelba.com/it/asimetria-mamaria-cuando-operar/","0","","0","Indexable",""
"https://clinicabelba.com/it/pezones-invertidos-correccion/","0","","0","Indexable",""
"https://clinicabelba.com/it/blog/6/","0","","0","No indexable","Canonicalizada"
"https://clinicabelba.com/it/test-post-2193c672-50fa-4ac0-84bf-874e83e57613-c19602556d950424/","0","","0","Indexable",""
"https://clinicabelba.com/it/blog/10/","0","","0","No indexable","Canonicalizada"
"https://clinicabelba.com/it/blog/4/","0","","0","No indexable","Canonicalizada"
"https://clinicabelba.com/it/blog/5/","0","","0","No indexable","Canonicalizada"
"https://clinicabelba.com/it/blog/3/","0","","0","No indexable","Canonicalizada"
"https://clinicabelba.com/it/blog/9/","0","","0","No indexable","Canonicalizada"
"https://clinicabelba.com/it/blog/8/","0","","0","No indexable","Canonicalizada"
"https://clinicabelba.com/it/blog/7/","0","","0","No indexable","Canonicalizada"
"https://clinicabelba.com/it/cicatriz-cesarea-correccion/","0","","0","Indexable",""
"https://clinicabelba.com/it/blefaroplastica-non-chirurgica/","0","","0","Indexable",""
"https://clinicabelba.com/it/la-lipovaser-e-una-tecnica-di-liposuzione-assistita-da-ultrasuoni-che-utilizza-onde-ultrasoniche-per-sciogliere-il-grasso-prima-della-sua-rimozione/","0","","0","Indexable",""
"https://clinicabelba.com/seroma-tras-cirugia-que-es-como-prevenir/","0","","0","Indexable",""
"https://clinicabelba.com/rinoplastia-ultrasonica-ventajas-limites/","0","","0","Indexable",""
"https://clinicabelba.com/en/rhinoplasty-male-before-and-after-improved/","0","","0","Indexable",""
"https://clinicabelba.com/en/labia-what-they-are-types-care-and-when-to-consult-a-doctor/","0","","0","Indexable",""
"https://clinicabelba.com/en/labia/","0","","0","Indexable",""
"https://clinicabelba.com/en/ultrasonic-rhinoplasty-advantages-limitations/","0","","0","Indexable",""
"https://clinicabelba.com/ca/llavis-vaginals-quins-son-tipus-cures-i-quan-consultar/","0","","0","Indexable",""
"https://clinicabelba.com/ca/rinoplastia-home-abans-i-despres-millorat/","0","","0","Indexable",""
"https://clinicabelba.com/ca/rinoplastia-ultrasonica-avantatges-limits/","0","","0","Indexable",""
"https://clinicabelba.com/ca/llavis-vaginals/","0","","0","Indexable",""
"https://clinicabelba.com/ru/ринопластика-мужчина-до-и-после-улучш/","0","","0","Indexable",""
"https://clinicabelba.com/it/rinoplastica-uomo-prima-e-dopo-migliorata/","0","","0","Indexable",""
"https://clinicabelba.com/nl/rhinoplastiek-man-voor-en-na-verbeterd/","0","","0","Indexable",""
"https://clinicabelba.com/uk/ринопластика-у-чоловіків-до-і-післ/","0","","0","Indexable",""
"https://clinicabelba.com/ru/лабии-вульвы/","0","","0","Indexable",""
"https://clinicabelba.com/it/labbra-vaginali/","0","","0","Indexable",""
"https://clinicabelba.com/uk/статеві-губи/","0","","0","Indexable",""
"https://clinicabelba.com/nl/labia-minora/","0","","0","Indexable",""
"https://clinicabelba.com/aumento-pecho-precio/","0","","0","Indexable",""
"https://clinicabelba.com/de/schamlippen/","0","","0","Indexable",""
"https://clinicabelba.com/de/ultraschall-rhinoplastik-vorteile-grenzen/","0","","0","Indexable",""
"https://clinicabelba.com/de/vaginale-lippen-was-sie-sind-arten-pflege-und-wann-ein-arzt-aufgesucht-werden-sollte/","0","","0","Indexable",""
"https://clinicabelba.com/de/rhinoplastik-mann-vorher-und-nachher-verbessert/","0","","0","Indexable",""
"https://clinicabelba.com/ru/aumento-de-mama-hibrido/","0","","0","No indexable","noindex"
"https://clinicabelba.com/en/aumento-de-mama-hibrido/","0","","0","No indexable","noindex"
"https://clinicabelba.com/it/aumento-de-mama-hibrido/","0","","0","No indexable","noindex"
"https://clinicabelba.com/de/aumento-de-mama-hibrido/","0","","0","No indexable","noindex"
"https://clinicabelba.com/uk/гібридне-збільшення-грудей/","0","","0","No indexable","noindex"
"https://clinicabelba.com/nl/hybride-borstvergroting/","0","","0","No indexable","noindex"
"https://clinicabelba.com/ca/aumento-de-mama-hibrido/","0","","0","No indexable","noindex"
"https://clinicabelba.com/nl/auteur/webbel/","0","","0","Indexable",""
"https://clinicabelba.com/it/autore/bellissima/","0","","0","Indexable",""
"https://clinicabelba.com/en/author/webbelba/","0","","0","Indexable",""
"https://clinicabelba.com/de/autor/webbelba/","0","","0","Indexable",""
"https://clinicabelba.com/uk/автор/webbelba/","0","","0","Indexable",""
"https://clinicabelba.com/fr/auteur/webbelba/","0","","0","Indexable",""
"https://clinicabelba.com/author/webbelba/page/2/","0","","0","Indexable",""
"https://clinicabelba.com/ru/автор/веббелба/","0","","0","Indexable",""
"https://clinicabelba.com/ca/autor/webbelba/","0","","0","Indexable",""
"https://clinicabelba.com/fr/rinoplastia-ultrasonica-ventajas-limites/","0","","0","Indexable",""
"https://clinicabelba.com/fr/rhinoplastie-homme-avant-et-apres-ameliore/","0","","0","Indexable",""
"https://clinicabelba.com/fr/levres-vaginales/","0","","0","Indexable",""
"https://clinicabelba.com/fr/levres-vaginales-quest-ce-que-cest-types-soins-et-quand-consulter/","0","","0","Indexable",""
"https://clinicabelba.com/fr/aumento-de-mama-hibrido/","0","","0","No indexable","noindex"
"https://clinicabelba.com/it/rinoplastica-ultrasonica-vantaggi-e-limiti/","0","","0","Indexable",""
"https://clinicabelba.com/ru/ультразвуковая-ринопластика-преиму/","0","","0","Indexable",""
"https://clinicabelba.com/uk/ультразвукова-ринопластика-переваг/","0","","0","Indexable",""
"https://clinicabelba.com/uk/статеві-губи-як-доглядати-за-ними-та-ко/","0","","0","Indexable",""
"https://clinicabelba.com/it/labbra-vaginali-cosa-sono-tipologie-cura-e-quando-consultare-un-medico/","0","","0","Indexable",""
"https://clinicabelba.com/ru/половой-жизни-являющиеся-типами-уход/","0","","0","Indexable",""
"https://clinicabelba.com/nl/labios-vaginales-que-son-tipos-cuidados-y-cuando-consultar/","0","","0","Indexable",""
"https://clinicabelba.com/nl/ultrasone-neuscorrectie-voordelen-beperkingen/","0","","0","Indexable",""
"https://clinicabelba.com/uk/вартість-збільшення-грудей/","0","","0","Indexable",""
"https://clinicabelba.com/it/aumento-seno-prezzo/","0","","0","Indexable",""
"https://clinicabelba.com/ca/augment-de-pits-preu/","0","","0","Indexable",""
"https://clinicabelba.com/ru/увеличение-груди-цена/","0","","0","Indexable",""
"https://clinicabelba.com/nl/borstvergroting-prijs/","0","","0","Indexable",""
"https://clinicabelba.com/en/breast-augmentation-price/","0","","0","Indexable",""
"https://clinicabelba.com/de/brustvergroserung-preis/","0","","0","Indexable",""
"https://clinicabelba.com/fr/augmentation-mammaire-prix/","0","","0","Indexable",""
"https://clinicabelba.com/author/webbelba/page/3/","0","","0","Indexable",""
"https://clinicabelba.com/ru/автор/веббелба/страница/2/","0","","0","Indexable",""
"https://clinicabelba.com/ca/autor/webbelba/pagina/2/","0","","0","Indexable",""
"https://clinicabelba.com/fr/auteur/webbelba/page/2/","0","","0","Indexable",""
"https://clinicabelba.com/uk/автор/webbelba/сторінка/2/","0","","0","Indexable",""
"https://clinicabelba.com/de/autor/webbelba/seite/2/","0","","0","Indexable",""
"https://clinicabelba.com/en/author/webbelba/page/2/","0","","0","Indexable",""
"https://clinicabelba.com/nl/auteur/webbel/pagina/2/","0","","0","Indexable",""
"https://clinicabelba.com/it/autore/bellissima/pagina/2/","0","","0","Indexable",""
"https://clinicabelba.com/fr/auteur/webbelba/page/3/","0","","0","Indexable",""
"https://clinicabelba.com/de/autor/webbelba/seite/3/","0","","0","Indexable",""
"https://clinicabelba.com/en/author/webbelba/page/3/","0","","0","Indexable",""
"https://clinicabelba.com/it/autore/bellissima/pagina/3/","0","","0","Indexable",""
"https://clinicabelba.com/ru/автор/веббелба/страница/3/","0","","0","Indexable",""
"https://clinicabelba.com/author/webbelba/page/4/","0","","0","Indexable",""
"https://clinicabelba.com/nl/auteur/webbel/pagina/3/","0","","0","Indexable",""
"https://clinicabelba.com/ca/autor/webbelba/pagina/3/","0","","0","Indexable",""
"https://clinicabelba.com/uk/автор/webbelba/сторінка/3/","0","","0","Indexable",""
"https://clinicabelba.com/author/webbelba/page/5/","0","","0","Indexable",""
"https://clinicabelba.com/nl/auteur/webbel/pagina/4/","0","","0","Indexable",""
"https://clinicabelba.com/uk/автор/webbelba/сторінка/4/","0","","0","Indexable",""
"https://clinicabelba.com/ca/autor/webbelba/pagina/4/","0","","0","Indexable",""
"https://clinicabelba.com/ru/автор/веббелба/страница/4/","0","","0","Indexable",""
"https://clinicabelba.com/it/autore/bellissima/pagina/4/","0","","0","Indexable",""
"https://clinicabelba.com/en/author/webbelba/page/4/","0","","0","Indexable",""
"https://clinicabelba.com/fr/auteur/webbelba/page/4/","0","","0","Indexable",""
"https://clinicabelba.com/de/autor/webbelba/seite/4/","0","","0","Indexable",""
"https://clinicabelba.com/de/autor/webbelba/seite/5/","0","","0","Indexable",""
"https://clinicabelba.com/it/autore/bellissima/pagina/5/","0","","0","Indexable",""
"https://clinicabelba.com/en/author/webbelba/page/5/","0","","0","Indexable",""
"https://clinicabelba.com/fr/auteur/webbelba/page/5/","0","","0","Indexable",""
"https://clinicabelba.com/nl/auteur/webbel/pagina/5/","0","","0","Indexable",""
"https://clinicabelba.com/ca/autor/webbelba/pagina/5/","0","","0","Indexable",""
"https://clinicabelba.com/author/webbelba/page/6/","0","","0","Indexable",""
"https://clinicabelba.com/ru/автор/веббелба/страница/5/","0","","0","Indexable",""
"https://clinicabelba.com/uk/автор/webbelba/сторінка/5/","0","","0","Indexable",""
"https://clinicabelba.com/nl/auteur/webbel/pagina/6/","0","","0","Indexable",""
"https://clinicabelba.com/ca/autor/webbelba/pagina/6/","0","","0","Indexable",""
"https://clinicabelba.com/uk/автор/webbelba/сторінка/6/","0","","0","Indexable",""
"https://clinicabelba.com/ru/автор/веббелба/страница/6/","0","","0","Indexable",""
"https://clinicabelba.com/fr/auteur/webbelba/page/6/","0","","0","Indexable",""
"https://clinicabelba.com/en/author/webbelba/page/6/","0","","0","Indexable",""
"https://clinicabelba.com/it/autore/bellissima/pagina/6/","0","","0","Indexable",""
"https://clinicabelba.com/de/autor/webbelba/seite/6/","0","","0","Indexable",""
