url_to,refdomains_target,links_to_target
https://clinicabelba.com/,1109,1763
https://clinicabelba.com/cirujanos-plasticos-barcelona/,87,110
https://clinicabelba.com/aumento-pecho-barcelona/,81,104
https://clinicabelba.com/en/labia-what-they-are-types-care-and-when-to-consult-a-doctor/,33,35
https://clinicabelba.com/aumento-de-mama-hibrido/,12,349
https://clinicabelba.com/abdominoplastia-barcelona/,2,2
https://clinicabelba.com/blefaroplastia/,2,2
https://clinicabelba.com/ca/botox/,2,2
https://clinicabelba.com/drdewevercirugiaplastica/,2,3
https://clinicabelba.com/lifting-facial/,2,79
https://clinicabelba.com/liposuccion-barcelona/,2,2
https://clinicabelba.com/precio-liposuccion-espana/,2,2
https://clinicabelba.com/reduccion-de-mama/,2,3
https://clinicabelba.com/abdominoplastia-recuperacion/,1,1
https://clinicabelba.com/abdominoplastia/,1,1
https://clinicabelba.com/aumento-de-gluteos-barcelona/,1,1
https://clinicabelba.com/aumento-de-pecho-tecnica-brst/,1,1
https://clinicabelba.com/aumento-pecho-preserve/,1,1
https://clinicabelba.com/blog/,1,1
https://clinicabelba.com/ca/rinoplastia-ultrasonica-precio/,1,1
https://clinicabelba.com/cirugia-corporal/,1,1
https://clinicabelba.com/cirugia-facial/,1,2
https://clinicabelba.com/dr-dewever-chirurgie-plastique/,1,1
https://clinicabelba.com/drfelixchavarriacirugiaplastica/,1,2
https://clinicabelba.com/en/,1,1
https://clinicabelba.com/ginecomastia-barcelona/,1,1
https://clinicabelba.com/labioplastia/,1,1
https://clinicabelba.com/lifting-facial-barcelona/,1,1
https://clinicabelba.com/lipo-vaser/,1,1
https://clinicabelba.com/liposuccion/,1,1
https://clinicabelba.com/medicina-estetica/,1,1
https://clinicabelba.com/mommy-makeover-barcelona/,1,1
https://clinicabelba.com/otoplastia/,1,1
https://clinicabelba.com/precio-blefaroplastia/,1,1
https://clinicabelba.com/presupuesto/,1,1
https://clinicabelba.com/que-es-un-bbl-brazilian-butt-lift/,1,1
https://clinicabelba.com/quitar-costillas-flotantes/,1,1
https://clinicabelba.com/wp-content/uploads/elementor/thumbs/home_gallery3-2-pzu52qfqbjoqk1r8i1f0nqjzd6uv4njrj0hp5u5ehs.png,9,11
https://clinicabelba.com/wp-content/uploads/2022/12/Felix-Chavarria_1.png,1,1
https://clinicabelba.com/wp-content/uploads/2023/03/facial-a1.jpg,1,1
https://clinicabelba.com/wp-content/uploads/2023/05/cirugia-rostro.jpg,1,1
https://clinicabelba.com/wp-content/uploads/2024/04/felix-chavarria.webp,1,1
